date,vix,vix9d,vix3m,skew
2019-01-02,23.219999313354492,23.020000457763672,22.75,116.05999755859375
2019-01-03,25.450000762939453,26.959999084472656,24.110000610351562,112.22000122070312
2019-01-04,21.3799991607666,21.270000457763672,21.860000610351562,111.44000244140625
2019-01-07,21.399999618530273,21.68000030517578,21.6200008392334,113.55999755859375
2019-01-08,20.469999313354492,20.56999969482422,21.139999389648438,115.30000305175781
2019-01-09,19.979999542236328,19.18000030517578,20.690000534057617,117.01000213623047
2019-01-10,19.5,17.8799991607666,20.520000457763672,117.72000122070312
2019-01-11,18.190000534057617,16.100000381469727,19.739999771118164,119.08999633789062
2019-01-14,19.06999969482422,17.56999969482422,19.93000030517578,125.19999694824219
2019-01-15,18.600000381469727,16.84000015258789,19.239999771118164,126.87000274658203
2019-01-16,19.040000915527344,16.729999542236328,19.530000686645508,131.66000366210938
2019-01-17,18.059999465942383,15.75,19.170000076293945,133.02000427246094
2019-01-18,17.799999237060547,15.220000267028809,18.84000015258789,
2019-01-22,20.799999237060547,21.56999969482422,20.690000534057617,122.81999969482422
2019-01-23,19.520000457763672,19.360000610351562,20.079999923706055,123.87999725341797
2019-01-24,18.889999389648438,18.09000015258789,19.670000076293945,130.9199981689453
2019-01-25,17.420000076293945,16.350000381469727,18.81999969482422,126.11000061035156
2019-01-28,18.8700008392334,19.3799991607666,19.579999923706055,123.05999755859375
2019-01-29,19.1299991607666,19.850000381469727,19.600000381469727,121.9000015258789
2019-01-30,17.65999984741211,17.31999969482422,18.68000030517578,123.27999877929688
2019-01-31,16.56999969482422,15.510000228881836,17.8799991607666,126.52999877929688
2019-02-01,16.139999389648438,14.130000114440918,17.59000015258789,126.02999877929688
2019-02-04,15.729999542236328,13.579999923706055,17.190000534057617,128.39999389648438
2019-02-05,15.569999694824219,13.579999923706055,17.06999969482422,123.41999816894531
2019-02-06,15.380000114440918,12.729999542236328,16.899999618530273,123.72000122070312
2019-02-07,16.3700008392334,14.890000343322754,17.520000457763672,124.44999694824219
2019-02-08,15.720000267028809,13.609999656677246,17.260000228881836,127.72000122070312
2019-02-11,15.970000267028809,14.670000076293945,17.219999313354492,129.19000244140625
2019-02-12,15.430000305175781,13.470000267028809,16.81999969482422,128.60000610351562
2019-02-13,15.649999618530273,13.489999771118164,16.959999084472656,127.12000274658203
2019-02-14,16.219999313354492,14.109999656677246,17.31999969482422,126.88999938964844
2019-02-15,14.90999984741211,12.180000305175781,16.479999542236328,129.5500030517578
2019-02-19,14.880000114440918,13.380000114440918,16.450000762939453,124.68000030517578
2019-02-20,14.020000457763672,12.600000381469727,15.819999694824219,123.38999938964844
2019-02-21,14.460000038146973,13.180000305175781,16.15999984741211,122.41999816894531
2019-02-22,13.510000228881836,11.489999771118164,15.460000038146973,121.08000183105469
2019-02-25,14.850000381469727,14.0600004196167,16.0,127.66999816894531
2019-02-26,15.170000076293945,14.199999809265137,16.299999237060547,125.52999877929688
2019-02-27,14.699999809265137,13.140000343322754,15.989999771118164,126.44000244140625
2019-02-28,14.779999732971191,13.180000305175781,16.100000381469727,126.44000244140625
2019-03-01,13.569999694824219,11.329999923706055,15.380000114440918,126.97000122070312
2019-03-04,14.630000114440918,13.399999618530273,16.030000686645508,125.04000091552734
2019-03-05,14.739999771118164,13.359999656677246,16.149999618530273,126.4000015258789
2019-03-06,15.739999771118164,14.989999771118164,16.739999771118164,125.80000305175781
2019-03-07,16.59000015258789,16.149999618530273,17.299999237060547,123.13999938964844
2019-03-08,16.049999237060547,14.630000114440918,17.110000610351562,125.7300033569336
2019-03-11,14.329999923706055,13.399999618530273,16.010000228881836,132.92999267578125
2019-03-12,13.770000457763672,12.729999542236328,15.649999618530273,
2019-03-13,13.40999984741211,12.529999732971191,15.329999923706055,
2019-03-14,13.5,12.520000457763672,15.300000190734863,130.57000732421875
2019-03-15,12.880000114440918,11.220000267028809,14.979999542236328,128.75999450683594
2019-03-18,13.100000381469727,12.529999732971191,15.239999771118164,127.0999984741211
2019-03-19,13.5600004196167,13.529999732971191,15.5600004196167,123.12999725341797
2019-03-20,13.90999984741211,13.489999771118164,15.789999961853027,120.58999633789062
2019-03-21,13.630000114440918,13.109999656677246,15.510000228881836,120.66999816894531
2019-03-22,16.479999542236328,16.850000381469727,17.3700008392334,117.55000305175781
2019-03-25,16.329999923706055,16.40999984741211,17.450000762939453,117.5999984741211
2019-03-26,14.680000305175781,13.949999809265137,16.450000762939453,117.80000305175781
2019-03-27,15.149999618530273,14.699999809265137,16.780000686645508,117.66000366210938
2019-03-28,14.430000305175781,13.699999809265137,16.299999237060547,119.25
2019-03-29,13.710000038146973,12.34000015258789,15.800000190734863,120.95999908447266
2019-04-01,13.399999618530273,12.109999656677246,15.460000038146973,126.7699966430664
2019-04-02,13.359999656677246,11.859999656677246,15.539999961853027,127.30999755859375
2019-04-03,13.739999771118164,12.289999961853027,15.630000114440918,127.30999755859375
2019-04-04,13.579999923706055,11.579999923706055,15.479999542236328,126.2300033569336
2019-04-05,12.819999694824219,10.119999885559082,15.0600004196167,128.75
2019-04-08,13.180000305175781,10.739999771118164,15.279999732971191,129.1300048828125
2019-04-09,14.279999732971191,11.779999732971191,15.989999771118164,127.66000366210938
2019-04-10,13.300000190734863,10.140000343322754,15.380000114440918,127.61000061035156
2019-04-11,13.020000457763672,10.520000457763672,15.25,126.2300033569336
2019-04-12,12.010000228881836,9.739999771118164,14.460000038146973,124.22000122070312
2019-04-15,12.319999694824219,10.609999656677246,14.529999732971191,127.69000244140625
2019-04-16,12.180000305175781,10.760000228881836,14.470000267028809,125.80999755859375
2019-04-17,12.600000381469727,11.0,14.819999694824219,125.77999877929688
2019-04-18,12.09000015258789,9.930000305175781,14.569999694824219,123.5999984741211
2019-04-22,12.420000076293945,11.630000114440918,14.720000267028809,124.23999786376953
2019-04-23,12.279999732971191,11.640000343322754,14.539999961853027,124.6500015258789
2019-04-24,13.140000343322754,12.539999961853027,15.039999961853027,123.80999755859375
2019-04-25,13.25,12.359999656677246,15.210000038146973,124.18000030517578
2019-04-26,12.729999542236328,11.8100004196167,14.890000343322754,126.29000091552734
2019-04-29,13.109999656677246,12.520000457763672,15.229999542236328,125.79000091552734
2019-04-30,13.119999885559082,12.4399995803833,15.229999542236328,126.47000122070312
2019-05-01,14.800000190734863,14.949999809265137,16.190000534057617,125.31999969482422
2019-05-02,14.420000076293945,13.920000076293945,16.030000686645508,124.58999633789062
2019-05-03,12.869999885559082,10.960000038146973,15.069999694824219,122.22000122070312
2019-05-06,15.4399995803833,15.449999809265137,16.399999618530273,123.2300033569336
2019-05-07,19.31999969482422,20.739999771118164,18.780000686645508,116.87999725341797
2019-05-08,19.399999618530273,21.329999923706055,18.75,117.79000091552734
2019-05-09,19.100000381469727,21.860000610351562,18.440000534057617,117.68000030517578
2019-05-10,16.040000915527344,16.56999969482422,16.899999618530273,118.54000091552734
2019-05-13,20.549999237060547,22.760000228881836,19.790000915527344,119.36000061035156
2019-05-14,18.059999465942383,18.760000228881836,18.290000915527344,119.94999694824219
2019-05-15,16.440000534057617,16.309999465942383,17.489999771118164,120.87000274658203
2019-05-16,15.289999961853027,15.0600004196167,16.739999771118164,121.08999633789062
2019-05-17,15.960000038146973,16.260000228881836,17.059999465942383,118.69000244140625
2019-05-20,16.309999465942383,16.81999969482422,17.290000915527344,115.25
2019-05-21,14.949999809265137,14.5,16.420000076293945,117.16999816894531
2019-05-22,14.75,13.920000076293945,16.420000076293945,115.41999816894531
2019-05-23,16.920000076293945,17.399999618530273,17.690000534057617,114.70999908447266
2019-05-24,15.850000381469727,15.359999656677246,17.09000015258789,114.12000274658203
2019-05-28,17.5,17.979999542236328,17.899999618530273,112.58000183105469
2019-05-29,17.899999618530273,18.34000015258789,18.239999771118164,111.93000030517578
2019-05-30,17.299999237060547,17.1200008392334,17.959999084472656,112.68000030517578
2019-05-31,18.709999084472656,19.0,18.829999923706055,112.6500015258789
2019-06-03,18.860000610351562,19.260000228881836,18.770000457763672,112.31999969482422
2019-06-04,16.969999313354492,16.649999618530273,17.59000015258789,112.73999786376953
2019-06-05,16.09000015258789,14.899999618530273,17.1299991607666,112.91000366210938
2019-06-06,15.930000305175781,14.880000114440918,16.920000076293945,113.88999938964844
2019-06-07,16.299999237060547,15.020000457763672,17.149999618530273,114.66999816894531
2019-06-10,15.9399995803833,15.25,16.8799991607666,114.37999725341797
2019-06-11,15.989999771118164,15.149999618530273,16.989999771118164,113.80999755859375
2019-06-12,15.90999984741211,14.65999984741211,17.049999237060547,114.66000366210938
2019-06-13,15.819999694824219,14.59000015258789,16.860000610351562,113.33000183105469
2019-06-14,15.279999732971191,13.5600004196167,16.600000381469727,113.33000183105469
2019-06-17,15.350000381469727,14.989999771118164,16.610000610351562,115.30000305175781
2019-06-18,15.149999618530273,15.289999961853027,16.5,116.20999908447266
2019-06-19,14.329999923706055,13.869999885559082,16.100000381469727,115.93000030517578
2019-06-20,14.75,14.770000457763672,16.139999389648438,119.2300033569336
2019-06-21,15.399999618530273,14.829999923706055,16.670000076293945,118.45999908447266
2019-06-24,15.260000228881836,15.800000190734863,16.469999313354492,117.08999633789062
2019-06-25,16.280000686645508,17.010000228881836,17.1200008392334,116.83000183105469
2019-06-26,16.209999084472656,16.799999237060547,17.049999237060547,117.16000366210938
2019-06-27,15.819999694824219,16.34000015258789,16.760000228881836,117.5
2019-06-28,15.079999923706055,15.670000076293945,16.059999465942383,117.5
2019-07-01,14.0600004196167,12.510000228881836,15.430000305175781,118.12000274658203
2019-07-02,12.930000305175781,10.420000076293945,14.720000267028809,122.13999938964844
2019-07-03,12.569999694824219,9.90999984741211,14.529999732971191,120.81999969482422
2019-07-05,13.279999732971191,10.569999694824219,14.979999542236328,126.66000366210938
2019-07-08,13.960000038146973,11.119999885559082,15.479999542236328,121.41999816894531
2019-07-09,14.09000015258789,11.079999923706055,15.569999694824219,120.44000244140625
2019-07-10,13.029999732971191,9.9399995803833,15.1899995803833,120.66000366210938
2019-07-11,12.930000305175781,10.079999923706055,14.979999542236328,122.44999694824219
2019-07-12,12.390000343322754,9.880000114440918,14.800000190734863,123.6500015258789
2019-07-15,12.680000305175781,11.010000228881836,15.039999961853027,126.22000122070312
2019-07-16,12.859999656677246,11.710000038146973,15.220000267028809,125.1500015258789
2019-07-17,13.970000267028809,13.420000076293945,15.819999694824219,123.9800033569336
2019-07-18,13.529999732971191,12.680000305175781,15.539999961853027,123.9800033569336
2019-07-19,14.449999809265137,13.5600004196167,15.930000305175781,125.5
2019-07-22,13.529999732971191,13.640000343322754,15.470000267028809,125.36000061035156
2019-07-23,12.609999656677246,12.819999694824219,14.930000305175781,124.6500015258789
2019-07-24,12.069999694824219,12.1899995803833,14.5600004196167,124.6500015258789
2019-07-25,12.739999771118164,12.529999732971191,15.050000190734863,121.87999725341797
2019-07-26,12.15999984741211,11.539999961853027,14.6899995803833,121.87999725341797
2019-07-29,12.829999923706055,12.670000076293945,15.0,123.2699966430664
2019-07-30,13.9399995803833,14.460000038146973,15.699999809265137,121.94000244140625
2019-07-31,16.1200008392334,18.40999984741211,16.90999984741211,121.94000244140625
2019-08-01,17.8700008392334,19.31999969482422,17.989999771118164,121.70999908447266
2019-08-02,17.610000610351562,17.690000534057617,17.889999389648438,117.06999969482422
2019-08-05,24.59000015258789,29.139999389648438,21.899999618530273,117.25
2019-08-06,20.170000076293945,21.84000015258789,19.690000534057617,113.30000305175781
2019-08-07,19.489999771118164,20.950000762939453,19.5,114.19999694824219
2019-08-08,16.90999984741211,16.770000457763672,17.860000610351562,113.95999908447266
2019-08-09,17.969999313354492,17.75,18.559999465942383,117.70999908447266
2019-08-12,21.09000015258789,22.450000762939453,20.5,116.33999633789062
2019-08-13,17.520000457763672,17.489999771118164,18.530000686645508,115.1500015258789
2019-08-14,22.100000381469727,24.420000076293945,21.299999237060547,117.58000183105469
2019-08-15,21.18000030517578,22.450000762939453,21.06999969482422,113.4800033569336
2019-08-16,18.469999313354492,18.360000610351562,19.700000762939453,112.5199966430664
2019-08-19,16.8799991607666,17.200000762939453,18.360000610351562,115.83999633789062
2019-08-20,17.5,18.43000030517578,18.8700008392334,116.4800033569336
2019-08-21,15.800000190734863,16.09000015258789,17.719999313354492,114.77999877929688
2019-08-22,16.68000030517578,16.709999084472656,18.229999542236328,114.4800033569336
2019-08-23,19.8700008392334,21.549999237060547,20.360000610351562,114.45999908447266
2019-08-26,19.31999969482422,19.81999969482422,19.81999969482422,112.62000274658203
2019-08-27,20.309999465942383,20.809999465942383,20.639999389648438,113.06999969482422
2019-08-28,19.350000381469727,19.15999984741211,20.049999237060547,113.6500015258789
2019-08-29,17.8799991607666,16.850000381469727,19.030000686645508,113.6500015258789
2019-08-30,18.979999542236328,18.600000381469727,19.540000915527344,115.0199966430664
2019-09-03,19.65999984741211,19.06999969482422,20.1200008392334,114.68000030517578
2019-09-04,17.329999923706055,15.600000381469727,18.809999465942383,115.98999786376953
2019-09-05,16.270000457763672,14.59000015258789,18.079999923706055,115.98999786376953
2019-09-06,15.0,12.390000343322754,17.459999084472656,118.87000274658203
2019-09-09,15.270000457763672,13.65999984741211,17.549999237060547,118.79000091552734
2019-09-10,15.199999809265137,13.760000228881836,17.40999984741211,119.01000213623047
2019-09-11,14.609999656677246,13.130000114440918,17.100000381469727,119.94999694824219
2019-09-12,14.220000267028809,13.100000381469727,16.809999465942383,119.94999694824219
2019-09-13,13.739999771118164,12.619999885559082,16.670000076293945,118.4000015258789
2019-09-16,14.670000076293945,14.600000381469727,17.200000762939453,119.16000366210938
2019-09-17,14.4399995803833,14.539999961853027,17.229999542236328,117.94000244140625
2019-09-18,13.949999809265137,14.130000114440918,16.860000610351562,117.94000244140625
2019-09-19,14.050000190734863,13.180000305175781,16.790000915527344,118.7699966430664
2019-09-20,15.319999694824219,14.680000305175781,17.709999084472656,118.7699966430664
2019-09-23,14.90999984741211,9.829999923706055,17.8700008392334,117.5
2019-09-24,17.049999237060547,17.729999542236328,18.549999237060547,118.01000213623047
2019-09-25,15.960000038146973,15.300000190734863,18.0,117.9800033569336
2019-09-26,16.06999969482422,15.199999809265137,18.1200008392334,117.51000213623047
2019-09-27,17.219999313354492,16.770000457763672,18.75,116.61000061035156
2019-09-30,16.239999771118164,15.279999732971191,17.959999084472656,116.61000061035156
2019-10-01,18.559999465942383,18.940000534057617,19.350000381469727,117.66999816894531
2019-10-02,20.559999465942383,21.709999084472656,20.739999771118164,114.01000213623047
2019-10-03,19.1200008392334,19.479999542236328,19.780000686645508,111.47000122070312
2019-10-04,17.040000915527344,16.270000457763672,18.59000015258789,114.54000091552734
2019-10-07,17.860000610351562,17.700000762939453,18.90999984741211,114.54000091552734
2019-10-08,20.280000686645508,20.290000915527344,20.389999389648438,118.76000213623047
2019-10-09,18.639999389648438,18.260000228881836,19.510000228881836,118.41999816894531
2019-10-10,17.56999969482422,17.780000686645508,18.790000915527344,119.94999694824219
2019-10-11,15.579999923706055,15.279999732971191,17.549999237060547,120.8499984741211
2019-10-14,14.569999694824219,14.010000228881836,17.1200008392334,122.4000015258789
2019-10-15,13.539999961853027,12.300000190734863,16.479999542236328,124.8499984741211
2019-10-16,13.680000305175781,11.920000076293945,16.479999542236328,127.16999816894531
2019-10-17,13.789999961853027,11.899999618530273,16.440000534057617,128.00999450683594
2019-10-18,14.25,12.350000381469727,16.649999618530273,128.00999450683594
2019-10-21,14.0,12.609999656677246,16.280000686645508,128.44000244140625
2019-10-22,14.460000038146973,13.300000190734863,16.549999237060547,125.79000091552734
2019-10-23,14.010000228881836,12.270000457763672,16.290000915527344,125.79000091552734
2019-10-24,13.710000038146973,11.890000343322754,16.25,125.22000122070312
2019-10-25,12.649999618530273,10.329999923706055,15.710000038146973,125.69999694824219
2019-10-28,13.109999656677246,11.699999809265137,15.989999771118164,125.69999694824219
2019-10-29,13.199999809265137,11.75,16.09000015258789,125.26000213623047
2019-10-30,12.329999923706055,10.670000076293945,15.6899995803833,127.29000091552734
2019-10-31,13.220000267028809,11.579999923706055,16.049999237060547,129.63999938964844
2019-11-01,12.300000190734863,9.84000015258789,15.420000076293945,130.7100067138672
2019-11-04,12.829999923706055,11.079999923706055,15.619999885559082,129.74000549316406
2019-11-05,13.100000381469727,10.989999771118164,15.90999984741211,129.74000549316406
2019-11-06,12.619999885559082,9.470000267028809,15.829999923706055,126.77999877929688
2019-11-07,12.729999542236328,10.15999984741211,15.800000190734863,124.68000030517578
2019-11-08,12.069999694824219,9.319999694824219,15.529999732971191,124.68000030517578
2019-11-11,12.6899995803833,10.6899995803833,15.600000381469727,123.30000305175781
2019-11-12,12.680000305175781,10.800000190734863,15.489999771118164,123.8499984741211
2019-11-13,13.0,10.970000267028809,15.619999885559082,123.18000030517578
2019-11-14,13.050000190734863,11.229999542236328,15.600000381469727,124.61000061035156
2019-11-15,12.050000190734863,9.670000076293945,14.989999771118164,126.27999877929688
2019-11-18,12.460000038146973,10.180000305175781,15.170000076293945,126.58999633789062
2019-11-19,12.859999656677246,10.25,15.5,127.45999908447266
2019-11-20,12.779999732971191,10.199999809265137,15.640000343322754,127.45999908447266
2019-11-21,13.130000114440918,10.5600004196167,15.819999694824219,125.63999938964844
2019-11-22,12.34000015258789,9.220000267028809,15.399999618530273,124.87000274658203
2019-11-25,11.869999885559082,9.760000228881836,14.989999771118164,125.52999877929688
2019-11-26,11.539999961853027,9.5,14.850000381469727,128.64999389648438
2019-11-27,11.75,9.899999618530273,14.960000038146973,130.27999877929688
2019-11-29,12.619999885559082,11.359999656677246,15.510000228881836,130.3699951171875
2019-12-02,14.90999984741211,15.300000190734863,16.84000015258789,129.8300018310547
2019-12-03,15.960000038146973,16.860000610351562,17.6299991607666,126.3499984741211
2019-12-04,14.800000190734863,14.920000076293945,16.979999542236328,123.30999755859375
2019-12-05,14.520000457763672,13.9399995803833,16.780000686645508,123.63999938964844
2019-12-06,13.619999885559082,12.8100004196167,16.209999084472656,131.47999572753906
2019-12-09,15.859999656677246,17.059999465942383,17.299999237060547,136.55999755859375
2019-12-10,15.680000305175781,16.239999771118164,17.1299991607666,135.0
2019-12-11,14.989999771118164,15.270000457763672,16.90999984741211,134.3699951171875
2019-12-12,13.9399995803833,14.670000076293945,16.09000015258789,132.67999267578125
2019-12-13,12.630000114440918,12.40999984741211,15.279999732971191,144.50999450683594
2019-12-16,12.140000343322754,11.630000114440918,14.979999542236328,143.85000610351562
2019-12-17,12.289999961853027,11.15999984741211,15.149999618530273,137.47999572753906
2019-12-18,12.579999923706055,10.300000190734863,15.199999809265137,144.55999755859375
2019-12-19,12.5,9.390000343322754,15.140000343322754,150.13999938964844
2019-12-20,12.510000228881836,9.270000457763672,15.319999694824219,147.1699981689453
2019-12-23,12.609999656677246,9.829999923706055,15.5,143.91000366210938
2019-12-24,12.670000076293945,9.5600004196167,15.520000457763672,143.91000366210938
2019-12-26,12.649999618530273,9.9399995803833,15.520000457763672,143.07000732421875
2019-12-27,13.430000305175781,11.0,15.949999809265137,143.07000732421875
2019-12-30,14.819999694824219,13.770000457763672,16.68000030517578,140.2899932861328
2019-12-31,13.779999732971191,13.260000228881836,15.869999885559082,139.52000427246094
2020-01-02,12.470000267028809,10.600000381469727,15.1899995803833,137.6999969482422
2020-01-03,14.020000457763672,12.779999732971191,16.010000228881836,133.4600067138672
2020-01-06,13.850000381469727,12.420000076293945,15.920000076293945,132.50999450683594
2020-01-07,13.789999961853027,12.34000015258789,15.859999656677246,129.77999877929688
2020-01-08,13.449999809265137,12.220000267028809,15.399999618530273,136.4199981689453
2020-01-09,12.539999961853027,10.859999656677246,14.949999809265137,133.47000122070312
2020-01-10,12.5600004196167,10.569999694824219,14.949999809265137,128.14999389648438
2020-01-13,12.319999694824219,10.050000190734863,14.640000343322754,131.27000427246094
2020-01-14,12.390000343322754,10.180000305175781,14.640000343322754,130.82000732421875
2020-01-15,12.420000076293945,9.6899995803833,14.630000114440918,130.82000732421875
2020-01-16,12.319999694824219,9.710000038146973,14.449999809265137,133.1300048828125
2020-01-17,12.100000381469727,9.039999961853027,14.40999984741211,134.6199951171875
2020-01-21,12.850000381469727,11.380000114440918,14.869999885559082,132.6999969482422
2020-01-22,12.90999984741211,11.029999732971191,14.979999542236328,129.92999267578125
2020-01-23,12.979999542236328,11.399999618530273,14.989999771118164,131.75999450683594
2020-01-24,14.5600004196167,14.649999618530273,16.06999969482422,127.0199966430664
2020-01-27,18.229999542236328,21.299999237060547,18.15999984741211,127.0199966430664
2020-01-28,16.280000686645508,18.34000015258789,17.030000686645508,127.20999908447266
2020-01-29,16.389999389648438,18.1200008392334,17.030000686645508,125.1500015258789
2020-01-30,15.489999771118164,16.40999984741211,16.59000015258789,125.1500015258789
2020-01-31,18.84000015258789,21.65999984741211,18.6299991607666,135.72999572753906
2020-02-03,17.969999313354492,19.229999542236328,18.040000915527344,127.69999694824219
2020-02-04,16.049999237060547,15.8100004196167,16.700000762939453,127.69999694824219
2020-02-05,15.149999618530273,13.6899995803833,16.110000610351562,129.77999877929688
2020-02-06,14.960000038146973,12.979999542236328,15.890000343322754,129.77999877929688
2020-02-07,15.470000267028809,13.729999542236328,16.290000915527344,134.47999572753906
2020-02-10,15.039999961853027,12.890000343322754,16.1299991607666,133.2899932861328
2020-02-11,15.180000305175781,13.039999961853027,16.139999389648438,133.2899932861328
2020-02-12,13.739999771118164,10.84000015258789,15.359999656677246,133.1999969482422
2020-02-13,14.149999618530273,11.829999923706055,15.680000305175781,133.0399932861328
2020-02-14,13.680000305175781,10.979999542236328,15.5,133.0399932861328
2020-02-18,14.829999923706055,13.020000457763672,16.100000381469727,137.66000366210938
2020-02-19,14.380000114440918,11.880000114440918,15.819999694824219,141.80999755859375
2020-02-20,15.5600004196167,13.859999656677246,16.600000381469727,137.1199951171875
2020-02-21,17.079999923706055,15.770000457763672,17.610000610351562,137.1199951171875
2020-02-24,25.030000686645508,31.899999618530273,21.920000076293945,135.13999938964844
2020-02-25,27.850000381469727,36.349998474121094,23.860000610351562,130.7899932861328
2020-02-26,27.559999465942383,34.84000015258789,23.700000762939453,130.64999389648438
2020-02-27,39.15999984741211,54.7400016784668,29.920000076293945,130.64999389648438
2020-02-28,40.11000061035156,52.900001525878906,29.850000381469727,130.82000732421875
2020-03-02,33.41999816894531,42.16999816894531,27.700000762939453,126.83999633789062
2020-03-03,36.81999969482422,47.34000015258789,30.170000076293945,123.05999755859375
2020-03-04,31.989999771118164,37.060001373291016,27.510000228881836,127.37999725341797
2020-03-05,39.619998931884766,48.630001068115234,32.56999969482422,123.61000061035156
2020-03-06,41.939998626708984,48.54999923706055,35.459999084472656,126.08000183105469
2020-03-09,54.459999084472656,70.30000305175781,43.04999923706055,121.56999969482422
2020-03-10,47.29999923706055,57.38999938964844,39.439998626708984,121.37999725341797
2020-03-11,53.900001525878906,68.20999908447266,44.369998931884766,121.72000122070312
2020-03-12,75.47000122070312,103.55999755859375,57.2400016784668,115.79000091552734
2020-03-13,57.83000183105469,69.87000274658203,48.310001373291016,115.79000091552734
2020-03-16,82.69000244140625,106.66000366210938,67.69999694824219,114.66000366210938
2020-03-17,75.91000366210938,92.93000030517578,65.2699966430664,116.66999816894531
2020-03-18,76.44999694824219,97.22000122070312,72.9800033569336,113.54000091552734
2020-03-19,72.0,91.0199966430664,69.47000122070312,115.44000244140625
2020-03-20,66.04000091552734,83.47000122070312,65.58999633789062,118.12000274658203
2020-03-23,61.59000015258789,78.76000213623047,56.63999938964844,117.05000305175781
2020-03-24,61.66999816894531,78.04000091552734,52.11000061035156,117.75
2020-03-25,63.95000076293945,81.30000305175781,53.849998474121094,116.5999984741211
2020-03-26,61.0,73.61000061035156,49.790000915527344,118.97000122070312
2020-03-27,65.54000091552734,72.33000183105469,55.75,117.41000366210938
2020-03-30,57.08000183105469,62.79999923706055,51.2599983215332,122.18000030517578
2020-03-31,53.540000915527344,60.15999984741211,48.31999969482422,125.48999786376953
2020-04-01,57.060001373291016,61.33000183105469,51.16999816894531,115.4800033569336
2020-04-02,50.90999984741211,52.810001373291016,47.29999923706055,118.43000030517578
2020-04-03,46.79999923706055,46.65999984741211,44.84000015258789,120.56999969482422
2020-04-06,45.2400016784668,47.02000045776367,43.09000015258789,121.01000213623047
2020-04-07,46.70000076293945,48.34000015258789,43.41999816894531,118.4800033569336
2020-04-08,43.349998474121094,42.459999084472656,41.59000015258789,119.30000305175781
2020-04-09,41.66999816894531,40.41999816894531,40.61000061035156,120.8499984741211
2020-04-13,41.16999816894531,41.7400016784668,39.970001220703125,119.5999984741211
2020-04-14,37.7599983215332,38.810001373291016,36.459999084472656,122.33000183105469
2020-04-15,40.84000015258789,41.63999938964844,39.279998779296875,122.33000183105469
2020-04-16,40.11000061035156,40.4900016784668,39.209999084472656,122.33000183105469
2020-04-17,38.150001525878906,36.18000030517578,37.279998779296875,126.43000030517578
2020-04-20,43.83000183105469,44.0,40.970001220703125,125.33999633789062
2020-04-21,45.40999984741211,45.459999084472656,43.279998779296875,123.70999908447266
2020-04-22,41.97999954223633,40.209999084472656,40.91999816894531,126.19000244140625
2020-04-23,41.380001068115234,39.349998474121094,40.86000061035156,125.22000122070312
2020-04-24,35.93000030517578,31.719999313354492,37.810001373291016,125.22000122070312
2020-04-27,33.290000915527344,31.40999984741211,35.33000183105469,129.2899932861328
2020-04-28,33.56999969482422,32.439998626708984,35.369998931884766,129.22999572753906
2020-04-29,31.229999542236328,29.65999984741211,33.33000183105469,132.60000610351562
2020-04-30,34.150001525878906,32.880001068115234,35.04999923706055,130.3800048828125
2020-05-01,37.189998626708984,35.56999969482422,37.970001220703125,129.97000122070312
2020-05-04,35.970001220703125,35.45000076293945,37.0,129.97000122070312
2020-05-05,33.61000061035156,33.189998626708984,35.52000045776367,131.2899932861328
2020-05-06,34.119998931884766,33.97999954223633,35.68000030517578,128.58999633789062
2020-05-07,31.440000534057617,29.75,34.0099983215332,130.6699981689453
2020-05-08,27.979999542236328,24.889999389648438,31.639999389648438,132.2100067138672
2020-05-11,27.56999969482422,26.170000076293945,30.389999389648438,132.2100067138672
2020-05-12,33.040000915527344,33.36000061035156,34.2599983215332,125.97000122070312
2020-05-13,35.279998779296875,34.630001068115234,36.5099983215332,123.43000030517578
2020-05-14,32.61000061035156,31.65999984741211,34.900001525878906,124.3499984741211
2020-05-15,31.889999389648438,29.709999084472656,34.5099983215332,124.47000122070312
2020-05-18,29.299999237060547,27.6200008392334,31.770000457763672,129.22999572753906
2020-05-19,30.530000686645508,28.030000686645508,32.810001373291016,127.4800033569336
2020-05-20,27.989999771118164,24.93000030517578,31.110000610351562,125.94999694824219
2020-05-21,29.530000686645508,26.149999618530273,32.380001068115234,124.52999877929688
2020-05-22,28.15999984741211,23.469999313354492,31.540000915527344,125.77999877929688
2020-05-26,28.010000228881836,25.5,30.850000381469727,129.11000061035156
2020-05-27,27.6200008392334,25.170000076293945,30.190000534057617,129.9600067138672
2020-05-28,28.59000015258789,26.020000457763672,31.209999084472656,130.77999877929688
2020-05-29,27.510000228881836,24.59000015258789,30.270000457763672,131.72000122070312
2020-06-01,28.229999542236328,27.079999923706055,30.920000076293945,132.08999633789062
2020-06-02,26.84000015258789,25.059999465942383,29.93000030517578,132.61000061035156
2020-06-03,25.65999984741211,23.969999313354492,28.90999984741211,131.5
2020-06-04,25.809999465942383,23.559999465942383,28.850000381469727,130.77000427246094
2020-06-05,24.520000457763672,22.6299991607666,27.420000076293945,129.8699951171875
2020-06-08,25.809999465942383,25.18000030517578,28.079999923706055,129.11000061035156
2020-06-09,27.56999969482422,26.920000076293945,29.670000076293945,129.11000061035156
2020-06-10,27.56999969482422,27.100000381469727,29.56999969482422,127.73999786376953
2020-06-11,40.790000915527344,42.060001373291016,40.43000030517578,127.73999786376953
2020-06-12,36.09000015258789,36.52000045776367,38.04999923706055,133.5399932861328
2020-06-15,34.400001525878906,35.97999954223633,36.43000030517578,133.5399932861328
2020-06-16,33.66999816894531,35.380001068115234,35.79999923706055,137.3300018310547
2020-06-17,33.470001220703125,33.97999954223633,35.720001220703125,133.85000610351562
2020-06-18,32.939998626708984,32.04999923706055,35.13999938964844,135.49000549316406
2020-06-19,35.119998931884766,33.91999816894531,36.68000030517578,134.89999389648438
2020-06-22,31.770000457763672,31.229999542236328,33.75,135.5399932861328
2020-06-23,31.3700008392334,30.290000915527344,33.060001373291016,135.1999969482422
2020-06-24,33.84000015258789,33.25,35.38999938964844,135.1999969482422
2020-06-25,32.220001220703125,30.920000076293945,34.09000015258789,131.9199981689453
2020-06-26,34.72999954223633,33.310001373291016,35.79999923706055,137.47000122070312
2020-06-29,31.780000686645508,30.420000076293945,33.90999984741211,135.75
2020-06-30,30.43000030517578,29.139999389648438,32.52000045776367,148.27000427246094
2020-07-01,28.6200008392334,25.200000762939453,31.68000030517578,142.44000244140625
2020-07-02,27.68000030517578,22.639999389648438,30.8700008392334,146.33999633789062
2020-07-06,27.940000534057617,25.229999542236328,30.979999542236328,140.97999572753906
2020-07-07,29.43000030517578,26.84000015258789,32.06999969482422,138.33999633789062
2020-07-08,28.079999923706055,23.670000076293945,31.190000534057617,138.33999633789062
2020-07-09,29.260000228881836,25.549999237060547,32.060001373291016,138.83999633789062
2020-07-10,27.290000915527344,22.59000015258789,31.020000457763672,135.67999267578125
2020-07-13,32.189998626708984,30.309999465942383,34.540000915527344,135.67999267578125
2020-07-14,29.520000457763672,27.780000686645508,32.560001373291016,128.52000427246094
2020-07-15,27.760000228881836,25.219999313354492,31.559999465942383,146.52999877929688
2020-07-16,28.0,25.850000381469727,31.549999237060547,142.44000244140625
2020-07-17,25.68000030517578,22.15999984741211,30.3700008392334,140.80999755859375
2020-07-20,24.459999084472656,22.520000457763672,29.100000381469727,145.89999389648438
2020-07-21,24.84000015258789,23.329999923706055,29.469999313354492,134.83999633789062
2020-07-22,24.31999969482422,21.649999618530273,29.049999237060547,140.38999938964844
2020-07-23,26.079999923706055,24.100000381469727,30.25,140.74000549316406
2020-07-24,25.84000015258789,22.700000762939453,30.559999465942383,139.39999389648438
2020-07-27,24.739999771118164,22.3799991607666,30.0,139.61000061035156
2020-07-28,25.440000534057617,23.540000915527344,30.100000381469727,139.63999938964844
2020-07-29,24.100000381469727,21.93000030517578,29.290000915527344,140.86000061035156
2020-07-30,24.760000228881836,22.790000915527344,29.760000228881836,138.99000549316406
2020-07-31,24.459999084472656,20.610000610351562,29.709999084472656,138.99000549316406
2020-08-03,24.280000686645508,20.950000762939453,29.65999984741211,141.55999755859375
2020-08-04,23.760000228881836,20.440000534057617,29.09000015258789,141.77000427246094
2020-08-05,22.989999771118164,19.020000457763672,28.600000381469727,139.58999633789062
2020-08-06,22.649999618530273,19.399999618530273,28.200000762939453,139.58999633789062
2020-08-07,22.209999084472656,18.079999923706055,28.280000686645508,139.75
2020-08-10,22.1299991607666,18.8799991607666,28.049999237060547,137.5
2020-08-11,24.030000686645508,21.889999389648438,29.170000076293945,136.38999938964844
2020-08-12,22.280000686645508,18.899999618530273,28.1200008392334,137.00999450683594
2020-08-13,22.1299991607666,18.540000915527344,28.170000076293945,136.11000061035156
2020-08-14,22.049999237060547,17.8700008392334,28.3700008392334,136.82000732421875
2020-08-17,21.350000381469727,17.600000381469727,27.450000762939453,137.4499969482422
2020-08-18,21.510000228881836,17.81999969482422,27.350000381469727,138.0800018310547
2020-08-19,22.540000915527344,19.229999542236328,28.110000610351562,138.0800018310547
2020-08-20,22.719999313354492,18.850000381469727,28.1299991607666,138.1999969482422
2020-08-21,22.540000915527344,18.010000228881836,28.170000076293945,144.0500030517578
2020-08-24,22.3700008392334,18.809999465942383,28.100000381469727,146.72999572753906
2020-08-25,22.030000686645508,18.09000015258789,27.90999984741211,147.22999572753906
2020-08-26,23.270000457763672,19.959999084472656,28.700000762939453,146.52999877929688
2020-08-27,24.469999313354492,20.190000534057617,29.93000030517578,142.08999633789062
2020-08-28,22.959999084472656,17.1299991607666,29.6200008392334,145.07000732421875
2020-08-31,26.40999984741211,21.100000381469727,31.850000381469727,145.72999572753906
2020-09-01,26.1200008392334,19.649999618530273,32.099998474121094,144.6699981689453
2020-09-02,26.56999969482422,20.709999084472656,32.66999816894531,142.27999877929688
2020-09-03,33.599998474121094,30.450000762939453,37.630001068115234,144.66000366210938
2020-09-04,30.75,29.40999984741211,34.75,144.66000366210938
2020-09-08,31.459999084472656,32.90999984741211,34.310001373291016,133.27999877929688
2020-09-09,28.809999465942383,29.09000015258789,32.119998931884766,132.50999450683594
2020-09-10,29.709999084472656,30.43000030517578,32.91999816894531,130.16000366210938
2020-09-11,26.8700008392334,26.329999923706055,31.1299991607666,125.41999816894531
2020-09-14,25.850000381469727,25.059999465942383,30.479999542236328,125.41999816894531
2020-09-15,25.59000015258789,24.219999313354492,30.270000457763672,130.9499969482422
2020-09-16,26.040000915527344,23.770000457763672,30.56999969482422,132.9499969482422
2020-09-17,26.459999084472656,24.950000762939453,30.75,136.05999755859375
2020-09-18,25.829999923706055,24.020000457763672,30.459999084472656,139.41000366210938
2020-09-21,27.780000686645508,28.110000610351562,31.639999389648438,132.08999633789062
2020-09-22,26.860000610351562,25.950000762939453,31.670000076293945,130.63999938964844
2020-09-23,28.579999923706055,27.969999313354492,33.279998779296875,129.83999633789062
2020-09-24,28.510000228881836,27.649999618530273,33.060001373291016,129.83999633789062
2020-09-25,26.3799991607666,24.56999969482422,32.029998779296875,129.1699981689453
2020-09-28,26.190000534057617,25.209999084472656,31.739999771118164,129.25999450683594
2020-09-29,26.270000457763672,25.989999771118164,31.09000015258789,123.93000030517578
2020-09-30,26.3700008392334,25.770000457763672,31.639999389648438,123.93000030517578
2020-10-01,26.700000762939453,24.799999237060547,31.719999313354492,120.94000244140625
2020-10-02,27.6299991607666,24.639999389648438,32.38999938964844,117.77999877929688
2020-10-05,27.959999084472656,23.510000228881836,31.280000686645508,119.52999877929688
2020-10-06,29.479999542236328,25.079999923706055,31.8799991607666,119.52999877929688
2020-10-07,28.059999465942383,21.739999771118164,30.700000762939453,120.5999984741211
2020-10-08,26.360000610351562,19.940000534057617,29.489999771118164,121.80999755859375
2020-10-09,25.0,18.850000381469727,28.280000686645508,121.80999755859375
2020-10-12,25.06999969482422,20.299999237060547,27.979999542236328,123.94000244140625
2020-10-13,26.06999969482422,21.389999389648438,28.350000381469727,123.94000244140625
2020-10-14,26.399999618530273,21.299999237060547,28.239999771118164,122.5999984741211
2020-10-15,26.969999313354492,21.3799991607666,28.719999313354492,122.5999984741211
2020-10-16,27.40999984741211,21.639999389648438,29.209999084472656,123.47000122070312
2020-10-19,29.18000030517578,24.649999618530273,30.399999618530273,124.75
2020-10-20,29.350000381469727,24.56999969482422,30.110000610351562,125.30999755859375
2020-10-21,28.649999618530273,23.200000762939453,29.610000610351562,124.37999725341797
2020-10-22,28.110000610351562,24.059999465942383,29.299999237060547,124.94000244140625
2020-10-23,27.549999237060547,24.290000915527344,28.989999771118164,126.69999694824219
2020-10-26,32.459999084472656,35.90999984741211,32.06999969482422,126.05000305175781
2020-10-27,33.349998474121094,37.290000915527344,32.720001220703125,126.05000305175781
2020-10-28,40.279998779296875,47.900001525878906,37.75,127.58000183105469
2020-10-29,37.59000015258789,44.34000015258789,35.84000015258789,129.3000030517578
2020-10-30,38.02000045776367,44.33000183105469,36.27000045776367,128.0500030517578
2020-11-02,37.130001068115234,43.86000061035156,35.060001373291016,129.00999450683594
2020-11-03,35.54999923706055,43.20000076293945,33.52000045776367,133.86000061035156
2020-11-04,29.56999969482422,32.459999084472656,29.979999542236328,136.44000244140625
2020-11-05,27.579999923706055,28.09000015258789,29.049999237060547,133.32000732421875
2020-11-06,24.860000610351562,23.959999084472656,27.3700008392334,127.6500015258789
2020-11-09,25.75,26.709999084472656,26.8799991607666,124.55999755859375
2020-11-10,24.799999237060547,24.43000030517578,26.489999771118164,127.41000366210938
2020-11-11,23.450000762939453,21.59000015258789,25.6200008392334,126.30000305175781
2020-11-12,25.350000381469727,23.8799991607666,27.219999313354492,129.47000122070312
2020-11-13,23.100000381469727,21.010000228881836,25.690000534057617,131.4199981689453
2020-11-16,22.450000762939453,19.329999923706055,25.350000381469727,129.3300018310547
2020-11-17,22.709999084472656,18.809999465942383,25.3799991607666,129.55999755859375
2020-11-18,23.84000015258789,19.59000015258789,26.389999389648438,128.91000366210938
2020-11-19,23.110000610351562,19.260000228881836,25.799999237060547,133.58999633789062
2020-11-20,23.700000762939453,19.860000610351562,26.059999465942383,133.5500030517578
2020-11-23,22.65999984741211,19.579999923706055,25.43000030517578,133.5399932861328
2020-11-24,21.639999389648438,18.399999618530273,24.84000015258789,134.25999450683594
2020-11-25,21.25,17.139999389648438,24.420000076293945,134.19000244140625
2020-11-27,20.84000015258789,18.25,24.43000030517578,133.89999389648438
2020-11-30,20.56999969482422,19.8700008392334,24.329999923706055,132.42999267578125
2020-12-01,20.770000457763672,19.8700008392334,24.489999771118164,133.9499969482422
2020-12-02,21.170000076293945,19.290000915527344,24.540000915527344,132.60000610351562
2020-12-03,21.280000686645508,19.350000381469727,24.559999465942383,134.61000061035156
2020-12-04,20.790000915527344,17.959999084472656,24.290000915527344,132.4600067138672
2020-12-07,21.299999237060547,18.739999771118164,24.520000457763672,133.0800018310547
2020-12-08,20.68000030517578,18.170000076293945,23.8700008392334,132.44000244140625
2020-12-09,22.270000457763672,19.989999771118164,24.729999542236328,134.89999389648438
2020-12-10,22.520000457763672,19.670000076293945,25.049999237060547,135.75
2020-12-11,23.309999465942383,20.450000762939453,26.049999237060547,135.7100067138672
2020-12-14,24.719999313354492,23.670000076293945,27.110000610351562,139.9199981689453
2020-12-15,22.889999389648438,20.190000534057617,25.8700008392334,139.2899932861328
2020-12-16,22.5,18.799999237060547,25.469999313354492,138.9499969482422
2020-12-17,21.93000030517578,18.6200008392334,25.149999618530273,144.7899932861328
2020-12-18,21.56999969482422,16.700000762939453,25.170000076293945,147.07000732421875
2020-12-21,25.15999984741211,21.559999465942383,27.579999923706055,147.02000427246094
2020-12-22,24.229999542236328,19.90999984741211,27.25,146.52999877929688
2020-12-23,23.309999465942383,19.200000762939453,26.260000228881836,146.27000427246094
2020-12-24,21.530000686645508,17.1200008392334,25.3700008392334,147.38999938964844
2020-12-28,21.700000762939453,20.049999237060547,25.149999618530273,148.27000427246094
2020-12-29,23.079999923706055,21.469999313354492,26.239999771118164,145.3000030517578
2020-12-30,22.770000457763672,21.309999465942383,25.440000534057617,142.74000549316406
2020-12-31,22.75,21.200000762939453,25.280000686645508,143.02999877929688
2021-01-04,26.969999313354492,27.389999389648438,28.260000228881836,147.8300018310547
2021-01-05,25.34000015258789,24.290000915527344,27.25,143.83999633789062
2021-01-06,25.06999969482422,23.770000457763672,26.790000915527344,145.5
2021-01-07,22.3700008392334,19.420000076293945,25.020000457763672,147.05999755859375
2021-01-08,21.559999465942383,18.34000015258789,24.899999618530273,145.9199981689453
2021-01-11,24.079999923706055,21.690000534057617,26.700000762939453,139.25
2021-01-12,23.329999923706055,20.649999618530273,26.200000762939453,134.6999969482422
2021-01-13,22.209999084472656,18.90999984741211,25.549999237060547,139.99000549316406
2021-01-14,23.25,21.170000076293945,26.31999969482422,139.92999267578125
2021-01-15,24.34000015258789,21.690000534057617,27.260000228881836,138.05999755859375
2021-01-19,23.239999771118164,21.8799991607666,26.690000534057617,136.6999969482422
2021-01-20,21.579999923706055,18.850000381469727,25.719999313354492,141.32000732421875
2021-01-21,21.31999969482422,18.229999542236328,25.700000762939453,146.66000366210938
2021-01-22,21.90999984741211,18.420000076293945,25.989999771118164,144.1999969482422
2021-01-25,23.190000534057617,20.65999984741211,26.8799991607666,145.5500030517578
2021-01-26,23.020000457763672,20.459999084472656,26.889999389648438,143.30999755859375
2021-01-27,37.209999084472656,41.63999938964844,35.72999954223633,143.30999755859375
2021-01-28,30.209999084472656,30.0,31.770000457763672,137.92999267578125
2021-01-29,33.09000015258789,32.630001068115234,33.880001068115234,145.83999633789062
2021-02-01,30.239999771118164,28.989999771118164,32.529998779296875,134.3000030517578
2021-02-02,25.559999465942383,22.440000534057617,29.360000610351562,141.6300048828125
2021-02-03,22.90999984741211,18.969999313354492,27.56999969482422,141.14999389648438
2021-02-04,21.770000457763672,17.479999542236328,26.790000915527344,136.58999633789062
2021-02-05,20.8700008392334,15.520000457763672,26.520000457763672,136.00999450683594
2021-02-08,21.239999771118164,16.56999969482422,26.649999618530273,135.08999633789062
2021-02-09,21.6299991607666,17.09000015258789,27.110000610351562,136.64999389648438
2021-02-10,21.989999771118164,17.68000030517578,27.489999771118164,140.05999755859375
2021-02-11,21.25,17.09000015258789,27.219999313354492,139.3300018310547
2021-02-12,19.969999313354492,15.050000190734863,26.5,137.60000610351562
2021-02-16,21.459999084472656,19.31999969482422,27.549999237060547,137.66000366210938
2021-02-17,21.5,18.40999984741211,27.520000457763672,140.1699981689453
2021-02-18,22.489999771118164,19.459999084472656,27.860000610351562,144.4499969482422
2021-02-19,22.049999237060547,18.329999923706055,27.09000015258789,142.5500030517578
2021-02-22,23.450000762939453,21.219999313354492,27.809999465942383,141.52999877929688
2021-02-23,23.110000610351562,21.299999237060547,27.1200008392334,138.82000732421875
2021-02-24,21.34000015258789,18.350000381469727,25.889999389648438,136.63999938964844
2021-02-25,28.889999389648438,31.809999465942383,30.239999771118164,138.52000427246094
2021-02-26,27.950000762939453,29.420000076293945,29.600000381469727,142.07000732421875
2021-03-01,23.350000381469727,22.700000762939453,26.780000686645508,136.22999572753906
2021-03-02,24.100000381469727,23.170000076293945,27.15999984741211,141.3300018310547
2021-03-03,26.670000076293945,26.8799991607666,28.790000915527344,141.67999267578125
2021-03-04,28.56999969482422,29.299999237060547,30.079999923706055,140.52999877929688
2021-03-05,24.65999984741211,23.829999923706055,27.889999389648438,137.19000244140625
2021-03-08,25.469999313354492,25.700000762939453,28.1299991607666,135.89999389648438
2021-03-09,24.030000686645508,24.110000610351562,27.280000686645508,137.00999450683594
2021-03-10,22.559999465942383,20.979999542236328,26.68000030517578,134.4499969482422
2021-03-11,21.90999984741211,20.010000228881836,26.09000015258789,138.57000732421875
2021-03-12,20.690000534057617,17.40999984741211,25.739999771118164,139.61000061035156
2021-03-15,20.030000686645508,17.739999771118164,24.889999389648438,140.2899932861328
2021-03-16,19.790000915527344,17.93000030517578,24.709999084472656,141.25999450683594
2021-03-17,19.229999542236328,16.690000534057617,23.8799991607666,142.55999755859375
2021-03-18,21.579999923706055,20.329999923706055,25.280000686645508,143.19000244140625
2021-03-19,20.950000762939453,18.280000686645508,24.989999771118164,148.11000061035156
2021-03-22,18.8799991607666,16.399999618530273,22.940000534057617,141.47000122070312
2021-03-23,20.299999237060547,18.3700008392334,23.799999237060547,146.13999938964844
2021-03-24,21.200000762939453,19.06999969482422,24.399999618530273,143.44000244140625
2021-03-25,19.809999465942383,17.15999984741211,23.3700008392334,143.6999969482422
2021-03-26,18.860000610351562,16.31999969482422,22.31999969482422,140.86000061035156
2021-03-29,20.739999771118164,18.850000381469727,23.200000762939453,145.4600067138672
2021-03-30,19.610000610351562,17.280000686645508,22.309999465942383,143.6699981689453
2021-03-31,19.399999618530273,15.619999885559082,22.149999618530273,142.1999969482422
2021-04-01,17.329999923706055,12.970000267028809,20.969999313354492,140.92999267578125
2021-04-05,17.90999984741211,15.649999618530273,20.959999084472656,136.2899932861328
2021-04-06,18.1200008392334,15.710000038146973,21.15999984741211,139.6300048828125
2021-04-07,17.15999984741211,14.130000114440918,20.65999984741211,142.44000244140625
2021-04-08,16.950000762939453,13.9399995803833,20.59000015258789,140.60000610351562
2021-04-09,16.690000534057617,13.1899995803833,20.739999771118164,139.0399932861328
2021-04-12,16.90999984741211,14.239999771118164,20.81999969482422,132.8800048828125
2021-04-13,16.649999618530273,13.779999732971191,20.780000686645508,134.2899932861328
2021-04-14,16.989999771118164,14.100000381469727,21.059999465942383,134.72000122070312
2021-04-15,16.56999969482422,14.220000267028809,20.760000228881836,137.6699981689453
2021-04-16,16.25,12.970000267028809,20.530000686645508,139.2899932861328
2021-04-19,17.290000915527344,15.420000076293945,21.3700008392334,138.3300018310547
2021-04-20,18.68000030517578,17.329999923706055,22.350000381469727,137.14999389648438
2021-04-21,17.5,14.789999961853027,21.489999771118164,134.8699951171875
2021-04-22,18.709999084472656,16.770000457763672,22.520000457763672,139.42999267578125
2021-04-23,17.329999923706055,14.069999694824219,21.56999969482422,138.08999633789062
2021-04-26,17.639999389648438,14.8100004196167,21.540000915527344,140.08999633789062
2021-04-27,17.559999465942383,14.550000190734863,21.31999969482422,139.08999633789062
2021-04-28,17.280000686645508,13.619999885559082,21.1299991607666,139.1300048828125
2021-04-29,17.610000610351562,13.960000038146973,21.309999465942383,139.3699951171875
2021-04-30,18.610000610351562,15.529999732971191,22.06999969482422,139.3000030517578
2021-05-03,18.309999465942383,16.170000076293945,21.739999771118164,146.32000732421875
2021-05-04,19.479999542236328,17.75,22.670000076293945,143.75
2021-05-05,19.149999618530273,17.56999969482422,22.260000228881836,139.22999572753906
2021-05-06,18.389999389648438,16.040000915527344,21.8799991607666,142.1199951171875
2021-05-07,16.690000534057617,14.09000015258789,20.790000915527344,144.47000122070312
2021-05-10,19.65999984741211,19.68000030517578,22.399999618530273,145.75999450683594
2021-05-11,21.84000015258789,22.030000686645508,24.229999542236328,142.72000122070312
2021-05-12,27.59000015258789,29.549999237060547,28.18000030517578,140.1199951171875
2021-05-13,23.1299991607666,23.209999084472656,25.260000228881836,142.60000610351562
2021-05-14,18.809999465942383,17.40999984741211,22.260000228881836,139.25999450683594
2021-05-17,19.719999313354492,18.829999923706055,23.139999389648438,139.0500030517578
2021-05-18,21.34000015258789,20.989999771118164,24.219999313354492,138.35000610351562
2021-05-19,22.18000030517578,21.209999084472656,25.270000457763672,139.4600067138672
2021-05-20,20.670000076293945,18.559999465942383,23.809999465942383,143.75
2021-05-21,20.149999618530273,17.1200008392334,23.489999771118164,142.9600067138672
2021-05-24,18.399999618530273,14.670000076293945,22.229999542236328,144.50999450683594
2021-05-25,18.84000015258789,15.789999961853027,22.399999618530273,144.63999938964844
2021-05-26,17.360000610351562,13.84000015258789,21.299999237060547,144.60000610351562
2021-05-27,16.739999771118164,13.029999732971191,20.309999465942383,149.82000732421875
2021-05-28,16.760000228881836,12.729999542236328,20.479999542236328,149.35000610351562
2021-06-01,17.899999618530273,15.0,21.34000015258789,155.30999755859375
2021-06-02,17.479999542236328,13.699999809265137,21.420000076293945,149.0399932861328
2021-06-03,18.040000915527344,15.180000305175781,21.81999969482422,148.58999633789062
2021-06-04,16.420000076293945,12.699999809265137,20.6200008392334,145.2100067138672
2021-06-07,16.420000076293945,13.90999984741211,20.549999237060547,147.75999450683594
2021-06-08,17.06999969482422,15.430000305175781,20.850000381469727,151.2899932861328
2021-06-09,17.889999389648438,17.09000015258789,21.280000686645508,150.6999969482422
2021-06-10,16.100000381469727,13.829999923706055,20.079999923706055,150.7100067138672
2021-06-11,15.649999618530273,13.0600004196167,19.639999389648438,154.80999755859375
2021-06-14,16.389999389648438,14.920000076293945,20.139999389648438,159.27999877929688
2021-06-15,17.020000457763672,15.920000076293945,20.68000030517578,160.63999938964844
2021-06-16,18.149999618530273,17.940000534057617,21.260000228881836,161.35000610351562
2021-06-17,17.75,16.670000076293945,20.979999542236328,155.97000122070312
2021-06-18,20.700000762939453,20.139999389648438,22.93000030517578,161.00999450683594
2021-06-21,17.889999389648438,16.829999923706055,21.1200008392334,158.36000061035156
2021-06-22,16.65999984741211,14.579999923706055,20.06999969482422,160.50999450683594
2021-06-23,16.31999969482422,13.630000114440918,19.700000762939453,154.85000610351562
2021-06-24,15.970000267028809,12.770000457763672,19.260000228881836,161.0399932861328
2021-06-25,15.619999885559082,11.859999656677246,19.0,170.5500030517578
2021-06-28,15.760000228881836,11.920000076293945,19.020000457763672,162.08999633789062
2021-06-29,16.020000457763672,11.859999656677246,19.489999771118164,163.83999633789062
2021-06-30,15.829999923706055,11.109999656677246,19.510000228881836,161.85000610351562
2021-07-01,15.479999542236328,11.430000305175781,19.450000762939453,155.64999389648438
2021-07-02,15.069999694824219,10.399999618530273,19.299999237060547,157.94000244140625
2021-07-06,16.440000534057617,13.760000228881836,20.260000228881836,153.75
2021-07-07,16.200000762939453,13.069999694824219,20.40999984741211,152.14999389648438
2021-07-08,19.0,17.239999771118164,21.979999542236328,152.82000732421875
2021-07-09,16.18000030517578,13.020000457763672,20.440000534057617,155.6999969482422
2021-07-12,16.170000076293945,13.520000457763672,20.459999084472656,157.92999267578125
2021-07-13,17.1200008392334,14.979999542236328,21.1299991607666,154.39999389648438
2021-07-14,16.329999923706055,13.449999809265137,20.6200008392334,154.30999755859375
2021-07-15,17.010000228881836,14.550000190734863,21.09000015258789,154.14999389648438
2021-07-16,18.450000762939453,16.299999237060547,22.06999969482422,151.94000244140625
2021-07-19,22.5,22.149999618530273,24.899999618530273,155.74000549316406
2021-07-20,19.729999542236328,17.860000610351562,23.200000762939453,154.5
2021-07-21,17.90999984741211,14.649999618530273,21.8700008392334,155.33999633789062
2021-07-22,17.690000534057617,14.069999694824219,21.860000610351562,152.6300048828125
2021-07-23,17.200000762939453,12.869999885559082,21.649999618530273,159.44000244140625
2021-07-26,17.579999923706055,14.010000228881836,21.739999771118164,153.1999969482422
2021-07-27,19.360000610351562,17.15999984741211,23.0,151.0399932861328
2021-07-28,18.309999465942383,14.819999694824219,22.350000381469727,152.22999572753906
2021-07-29,17.700000762939453,13.649999618530273,21.8799991607666,149.9600067138672
2021-07-30,18.239999771118164,14.359999656677246,22.18000030517578,153.7100067138672
2021-08-02,19.459999084472656,16.209999084472656,23.049999237060547,153.3000030517578
2021-08-03,18.040000915527344,13.680000305175781,22.18000030517578,152.55999755859375
2021-08-04,17.969999313354492,13.619999885559082,22.170000076293945,151.39999389648438
2021-08-05,17.280000686645508,13.25,21.520000457763672,148.27000427246094
2021-08-06,16.149999618530273,10.960000038146973,20.8700008392334,
2021-08-09,16.719999313354492,12.75,21.270000457763672,148.27000427246094
2021-08-10,16.790000915527344,13.229999542236328,21.209999084472656,
2021-08-11,16.170000076293945,11.6899995803833,20.81999969482422,154.32000732421875
2021-08-12,15.59000015258789,11.539999961853027,20.25,157.17999267578125
2021-08-13,15.449999809265137,11.210000038146973,20.260000228881836,159.66000366210938
2021-08-16,16.1200008392334,13.069999694824219,20.639999389648438,152.5399932861328
2021-08-17,17.90999984741211,16.290000915527344,21.700000762939453,149.0500030517578
2021-08-18,21.56999969482422,23.1200008392334,23.799999237060547,148.5399932861328
2021-08-19,21.670000076293945,21.239999771118164,24.200000762939453,151.19000244140625
2021-08-20,18.559999465942383,15.100000381469727,22.40999984741211,153.50999450683594
2021-08-23,17.149999618530273,14.020000457763672,21.200000762939453,159.02000427246094
2021-08-24,17.219999313354492,13.9399995803833,21.219999313354492,157.1300048828125
2021-08-25,16.790000915527344,12.989999771118164,20.790000915527344,159.50999450683594
2021-08-26,18.84000015258789,17.110000610351562,21.860000610351562,157.25
2021-08-27,16.389999389648438,12.319999694824219,20.610000610351562,162.42999267578125
2021-08-30,16.190000534057617,12.0,20.399999618530273,157.99000549316406
2021-08-31,16.479999542236328,12.75,20.420000076293945,155.91000366210938
2021-09-01,16.110000610351562,11.75,20.079999923706055,154.75
2021-09-02,16.40999984741211,12.729999542236328,20.1299991607666,156.97999572753906
2021-09-03,16.40999984741211,11.65999984741211,20.31999969482422,162.27000427246094
2021-09-07,18.139999389648438,15.329999923706055,21.530000686645508,
2021-09-08,17.959999084472656,14.75,21.59000015258789,153.38999938964844
2021-09-09,18.799999237060547,16.549999237060547,22.059999465942383,149.97000122070312
2021-09-10,20.950000762939453,22.579999923706055,23.309999465942383,151.16000366210938
2021-09-13,19.3700008392334,20.200000762939453,22.469999313354492,148.5
2021-09-14,19.459999084472656,19.43000030517578,22.549999237060547,146.72999572753906
2021-09-15,18.18000030517578,16.200000762939453,21.760000228881836,154.3300018310547
2021-09-16,18.690000534057617,16.639999389648438,21.809999465942383,152.8800048828125
2021-09-17,20.809999465942383,19.65999984741211,23.219999313354492,149.52000427246094
2021-09-20,25.709999084472656,27.700000762939453,26.399999618530273,141.57000732421875
2021-09-21,24.360000610351562,25.1299991607666,25.469999313354492,139.97999572753906
2021-09-22,20.8700008392334,19.459999084472656,23.049999237060547,144.1199951171875
2021-09-23,18.6299991607666,17.079999923706055,21.3700008392334,146.8699951171875
2021-09-24,17.75,15.239999771118164,20.81999969482422,145.6699981689453
2021-09-27,18.760000228881836,16.959999084472656,21.399999618530273,144.66000366210938
2021-09-28,23.25,24.559999465942383,24.030000686645508,140.0800018310547
2021-09-29,22.559999465942383,21.790000915527344,23.719999313354492,137.99000549316406
2021-09-30,23.139999389648438,23.030000686645508,23.8700008392334,135.5500030517578
2021-10-01,21.100000381469727,19.770000457763672,22.950000762939453,135.0500030517578
2021-10-04,22.959999084472656,23.040000915527344,24.110000610351562,130.8699951171875
2021-10-05,21.299999237060547,20.31999969482422,23.110000610351562,131.67999267578125
2021-10-06,21.0,19.540000915527344,22.84000015258789,131.50999450683594
2021-10-07,19.540000915527344,18.1299991607666,22.1200008392334,133.32000732421875
2021-10-08,18.770000457763672,16.739999771118164,21.8799991607666,
2021-10-11,20.0,19.75,22.389999389648438,134.6999969482422
2021-10-12,19.850000381469727,19.40999984741211,22.329999923706055,134.10000610351562
2021-10-13,18.639999389648438,17.450000762939453,21.540000915527344,135.77000427246094
2021-10-14,16.860000610351562,14.800000190734863,20.3700008392334,143.77999877929688
2021-10-15,16.299999237060547,13.239999771118164,20.299999237060547,147.27000427246094
2021-10-18,16.309999465942383,13.90999984741211,20.290000915527344,143.77000427246094
2021-10-19,15.699999809265137,13.34000015258789,19.979999542236328,141.00999450683594
2021-10-20,15.489999771118164,12.6899995803833,19.8700008392334,141.22999572753906
2021-10-21,15.010000228881836,11.8100004196167,19.479999542236328,140.94000244140625
2021-10-22,15.430000305175781,11.979999542236328,20.010000228881836,139.33999633789062
2021-10-25,15.239999771118164,13.09000015258789,19.559999465942383,140.94000244140625
2021-10-26,15.979999542236328,14.329999923706055,20.110000610351562,141.3000030517578
2021-10-27,16.979999542236328,15.15999984741211,20.889999389648438,140.60000610351562
2021-10-28,16.530000686645508,14.3100004196167,20.479999542236328,144.72999572753906
2021-10-29,16.260000228881836,13.670000076293945,20.3700008392334,148.08999633789062
2021-11-01,16.40999984741211,15.020000457763672,20.389999389648438,145.80999755859375
2021-11-02,16.030000686645508,14.739999771118164,20.100000381469727,146.67999267578125
2021-11-03,15.100000381469727,13.100000381469727,19.5,149.77000427246094
2021-11-04,15.4399995803833,13.039999961853027,19.700000762939453,151.6699981689453
2021-11-05,16.479999542236328,13.149999618530273,20.489999771118164,148.8300018310547
2021-11-08,17.219999313354492,14.430000305175781,20.979999542236328,149.24000549316406
2021-11-09,17.780000686645508,15.1899995803833,21.40999984741211,144.08999633789062
2021-11-10,18.729999542236328,15.949999809265137,22.0,144.88999938964844
2021-11-11,17.65999984741211,14.300000190734863,21.3799991607666,144.02999877929688
2021-11-12,16.290000915527344,11.989999771118164,20.690000534057617,144.3699951171875
2021-11-15,16.489999771118164,12.199999809265137,20.8700008392334,142.3800048828125
2021-11-16,16.3700008392334,11.9399995803833,20.899999618530273,139.55999755859375
2021-11-17,17.110000610351562,11.510000228881836,21.579999923706055,141.9600067138672
2021-11-18,17.59000015258789,12.430000305175781,21.899999618530273,144.8000030517578
2021-11-19,17.90999984741211,12.449999809265137,21.920000076293945,148.44000244140625
2021-11-22,19.170000076293945,16.059999465942383,22.6299991607666,147.44000244140625
2021-11-23,19.3799991607666,16.350000381469727,22.450000762939453,146.99000549316406
2021-11-24,18.579999923706055,14.819999694824219,21.899999618530273,148.14999389648438
2021-11-26,28.6200008392334,30.600000381469727,29.170000076293945,148.27000427246094
2021-11-29,22.959999084472656,21.43000030517578,25.040000915527344,149.92999267578125
2021-11-30,27.190000534057617,28.3799991607666,28.1299991607666,150.5500030517578
2021-12-01,31.1200008392334,33.93000030517578,30.790000915527344,155.2100067138672
2021-12-02,27.950000762939453,28.040000915527344,29.149999618530273,151.3800048828125
2021-12-03,30.670000076293945,31.700000762939453,31.780000686645508,149.63999938964844
2021-12-06,27.18000030517578,27.290000915527344,28.8799991607666,151.63999938964844
2021-12-07,21.889999389648438,20.829999923706055,24.959999084472656,151.66000366210938
2021-12-08,19.899999618530273,17.5,23.6299991607666,151.1999969482422
2021-12-09,21.579999923706055,20.489999771118164,24.65999984741211,149.66000366210938
2021-12-10,18.690000534057617,15.699999809265137,23.18000030517578,147.33999633789062
2021-12-13,20.309999465942383,18.540000915527344,24.31999969482422,146.07000732421875
2021-12-14,21.889999389648438,21.020000457763672,25.350000381469727,137.75999450683594
2021-12-15,19.290000915527344,16.780000686645508,23.299999237060547,141.75
2021-12-16,20.56999969482422,18.760000228881836,24.3700008392334,140.2899932861328
2021-12-17,21.56999969482422,19.350000381469727,25.3799991607666,134.94000244140625
2021-12-20,22.8700008392334,22.209999084472656,26.309999465942383,131.7100067138672
2021-12-21,21.010000228881836,18.829999923706055,25.0,136.3300018310547
2021-12-22,18.6299991607666,14.760000228881836,23.559999465942383,
2021-12-23,17.959999084472656,13.710000038146973,23.239999771118164,150.25999450683594
2021-12-27,17.68000030517578,14.479999542236328,22.739999771118164,151.8699951171875
2021-12-28,17.540000915527344,14.399999618530273,22.329999923706055,153.2100067138672
2021-12-29,16.950000762939453,12.850000381469727,21.829999923706055,156.24000549316406
2021-12-30,17.329999923706055,13.859999656677246,21.8799991607666,155.27000427246094
2021-12-31,17.219999313354492,13.260000228881836,21.8799991607666,154.3800048828125
2022-01-03,16.600000381469727,13.520000457763672,21.530000686645508,151.49000549316406
2022-01-04,16.90999984741211,13.880000114440918,21.6200008392334,150.36000061035156
2022-01-05,19.729999542236328,18.06999969482422,23.469999313354492,143.41000366210938
2022-01-06,19.610000610351562,17.059999465942383,23.5,140.77000427246094
2022-01-07,18.760000228881836,15.399999618530273,22.8700008392334,139.13999938964844
2022-01-10,19.399999618530273,17.90999984741211,22.68000030517578,139.24000549316406
2022-01-11,18.40999984741211,16.59000015258789,21.979999542236328,138.08999633789062
2022-01-12,17.6200008392334,14.680000305175781,21.579999923706055,135.72999572753906
2022-01-13,20.309999465942383,18.790000915527344,23.40999984741211,133.1300048828125
2022-01-14,19.190000534057617,17.309999465942383,22.81999969482422,133.85000610351562
2022-01-18,22.790000915527344,24.170000076293945,25.1200008392334,129.72000122070312
2022-01-19,23.850000381469727,23.959999084472656,25.809999465942383,134.72999572753906
2022-01-20,25.59000015258789,26.729999542236328,27.25,127.58000183105469
2022-01-21,28.850000381469727,30.860000610351562,29.950000762939453,136.17999267578125
2022-01-24,29.899999618530273,35.81999969482422,30.81999969482422,136.05999755859375
2022-01-25,31.15999984741211,37.18000030517578,31.760000228881836,133.89999389648438
2022-01-26,31.959999084472656,37.400001525878906,31.950000762939453,133.3800048828125
2022-01-27,30.489999771118164,33.029998779296875,30.8700008392334,132.22000122070312
2022-01-28,27.65999984741211,28.1299991607666,28.81999969482422,132.9600067138672
2022-01-31,24.829999923706055,25.329999923706055,26.850000381469727,131.44000244140625
2022-02-01,21.959999084472656,21.100000381469727,24.760000228881836,133.0
2022-02-02,22.09000015258789,21.600000381469727,25.139999389648438,
2022-02-03,24.350000381469727,24.110000610351562,26.670000076293945,132.75
2022-02-04,23.219999313354492,21.860000610351562,26.25,
2022-02-07,22.860000610351562,21.610000610351562,25.690000534057617,
2022-02-08,21.440000534057617,20.06999969482422,24.540000915527344,127.72000122070312
2022-02-09,19.959999084472656,18.670000076293945,23.489999771118164,129.77999877929688
2022-02-10,23.90999984741211,23.709999084472656,26.06999969482422,128.11000061035156
2022-02-11,27.360000610351562,26.84000015258789,28.829999923706055,126.80999755859375
2022-02-14,28.329999923706055,27.6200008392334,29.440000534057617,128.1199951171875
2022-02-15,25.700000762939453,24.489999771118164,27.280000686645508,129.75999450683594
2022-02-16,24.290000915527344,21.31999969482422,26.260000228881836,132.75
2022-02-17,28.110000610351562,27.690000534057617,29.31999969482422,131.30999755859375
2022-02-18,27.75,26.030000686645508,29.219999313354492,128.36000061035156
2022-02-22,28.809999465942383,28.6200008392334,29.110000610351562,128.3300018310547
2022-02-23,31.020000457763672,30.709999084472656,30.8799991607666,126.87999725341797
2022-02-24,30.31999969482422,30.040000915527344,30.049999237060547,130.47999572753906
2022-02-25,27.59000015258789,26.149999618530273,28.040000915527344,132.50999450683594
2022-02-28,30.149999618530273,31.5,29.649999618530273,137.36000061035156
2022-03-01,33.31999969482422,34.79999923706055,32.59000015258789,134.4199981689453
2022-03-02,30.739999771118164,30.790000915527344,30.969999313354492,136.11000061035156
2022-03-03,30.479999542236328,30.020000457763672,30.799999237060547,133.27999877929688
2022-03-04,31.979999542236328,31.110000610351562,32.34000015258789,
2022-03-07,36.45000076293945,38.56999969482422,35.7400016784668,136.69000244140625
2022-03-08,35.130001068115234,36.65999984741211,35.0,135.25
2022-03-09,32.45000076293945,33.439998626708984,33.060001373291016,134.1199951171875
2022-03-10,30.229999542236328,30.010000228881836,31.520000457763672,130.94000244140625
2022-03-11,30.75,30.6299991607666,32.34000015258789,130.6999969482422
2022-03-14,31.770000457763672,34.22999954223633,33.31999969482422,131.80999755859375
2022-03-15,29.829999923706055,30.709999084472656,31.959999084472656,130.66000366210938
2022-03-16,26.670000076293945,26.510000228881836,28.959999084472656,132.0
2022-03-17,25.670000076293945,24.940000534057617,28.219999313354492,134.92999267578125
2022-03-18,23.8700008392334,22.190000534057617,26.549999237060547,136.63999938964844
2022-03-21,23.530000686645508,22.729999542236328,26.3799991607666,135.72999572753906
2022-03-22,22.940000534057617,22.56999969482422,25.850000381469727,139.72000122070312
2022-03-23,23.56999969482422,23.209999084472656,26.40999984741211,136.7100067138672
2022-03-24,21.670000076293945,20.420000076293945,25.299999237060547,138.38999938964844
2022-03-25,20.809999465942383,18.450000762939453,24.719999313354492,140.25999450683594
2022-03-28,19.6299991607666,17.81999969482422,24.18000030517578,138.8699951171875
2022-03-29,18.899999618530273,17.540000915527344,23.190000534057617,140.0
2022-03-30,19.329999923706055,17.43000030517578,23.56999969482422,139.27999877929688
2022-03-31,20.559999465942383,18.399999618530273,24.459999084472656,140.72999572753906
2022-04-01,19.6299991607666,16.0,24.209999084472656,145.50999450683594
2022-04-04,18.56999969482422,15.760000228881836,23.030000686645508,146.47999572753906
2022-04-05,21.030000686645508,18.6200008392334,24.899999618530273,141.3300018310547
2022-04-06,22.100000381469727,19.639999389648438,25.799999237060547,144.27000427246094
2022-04-07,21.549999237060547,19.049999237060547,25.229999542236328,139.5500030517578
2022-04-08,21.15999984741211,17.299999237060547,25.170000076293945,141.50999450683594
2022-04-11,24.3700008392334,22.850000381469727,27.0,137.91000366210938
2022-04-12,24.260000228881836,22.489999771118164,27.170000076293945,137.6199951171875
2022-04-13,21.81999969482422,19.149999618530273,25.540000915527344,139.86000061035156
2022-04-14,22.700000762939453,19.34000015258789,26.030000686645508,134.38999938964844
2022-04-18,22.170000076293945,20.8799991607666,25.75,130.94000244140625
2022-04-19,21.3700008392334,20.700000762939453,25.059999465942383,
2022-04-20,20.31999969482422,19.299999237060547,24.149999618530273,134.17999267578125
2022-04-21,22.68000030517578,22.209999084472656,26.110000610351562,132.72000122070312
2022-04-22,28.209999084472656,29.06999969482422,29.8700008392334,136.22000122070312
2022-04-25,27.020000457763672,28.950000762939453,29.06999969482422,133.4199981689453
2022-04-26,33.52000045776367,37.7400016784668,33.13999938964844,
2022-04-27,31.600000381469727,34.81999969482422,32.20000076293945,138.08999633789062
2022-04-28,29.989999771118164,32.25,31.149999618530273,136.35000610351562
2022-04-29,33.400001525878906,36.11000061035156,33.18000030517578,136.69000244140625
2022-05-02,32.34000015258789,35.400001525878906,33.0099983215332,131.39999389648438
2022-05-03,29.25,31.610000610351562,30.809999465942383,129.0
2022-05-04,25.420000076293945,26.15999984741211,28.09000015258789,127.75
2022-05-05,31.200000762939453,33.25,32.68000030517578,128.64999389648438
2022-05-06,30.190000534057617,29.790000915527344,32.310001373291016,126.20999908447266
2022-05-09,34.75,36.650001525878906,35.04999923706055,127.05000305175781
2022-05-10,32.9900016784668,34.70000076293945,33.970001220703125,125.86000061035156
2022-05-11,32.560001373291016,33.91999816894531,33.630001068115234,124.51000213623047
2022-05-12,31.770000457763672,33.31999969482422,33.08000183105469,119.91000366210938
2022-05-13,28.8700008392334,29.3799991607666,30.700000762939453,122.08999633789062
2022-05-16,27.469999313354492,28.520000457763672,29.510000228881836,117.52999877929688
2022-05-17,26.100000381469727,26.920000076293945,28.3700008392334,117.68000030517578
2022-05-18,30.959999084472656,32.29999923706055,32.79999923706055,123.45999908447266
2022-05-19,29.350000381469727,30.690000534057617,30.790000915527344,122.66000366210938
2022-05-20,29.43000030517578,29.190000534057617,31.139999389648438,122.31999969482422
2022-05-23,28.479999542236328,28.979999542236328,30.290000915527344,120.55000305175781
2022-05-24,29.450000762939453,29.479999542236328,30.739999771118164,122.95999908447266
2022-05-25,28.3700008392334,27.3700008392334,29.729999542236328,118.8499984741211
2022-05-26,27.5,25.670000076293945,29.280000686645508,122.27999877929688
2022-05-27,25.719999313354492,23.1299991607666,28.020000457763672,121.25
2022-05-31,26.190000534057617,25.90999984741211,27.989999771118164,119.0999984741211
2022-06-01,25.690000534057617,25.1200008392334,27.719999313354492,119.30000305175781
2022-06-02,24.719999313354492,23.56999969482422,27.059999465942383,121.4000015258789
2022-06-03,24.790000915527344,23.049999237060547,27.329999923706055,122.25
2022-06-06,25.06999969482422,25.56999969482422,27.219999313354492,122.36000061035156
2022-06-07,24.020000457763672,24.229999542236328,26.520000457763672,120.66000366210938
2022-06-08,23.959999084472656,23.90999984741211,26.540000915527344,119.12999725341797
2022-06-09,26.09000015258789,27.540000915527344,28.010000228881836,120.66000366210938
2022-06-10,27.75,28.780000686645508,29.719999313354492,121.63999938964844
2022-06-13,34.02000045776367,38.86000061035156,34.2400016784668,124.13999938964844
2022-06-14,32.689998626708984,36.95000076293945,33.279998779296875,125.16000366210938
2022-06-15,29.6200008392334,32.529998779296875,30.780000686645508,118.36000061035156
2022-06-16,32.95000076293945,36.58000183105469,33.4900016784668,122.4800033569336
2022-06-17,31.1299991607666,30.399999618530273,32.36000061035156,121.1500015258789
2022-06-21,30.190000534057617,30.3799991607666,31.25,121.37999725341797
2022-06-22,28.950000762939453,28.299999237060547,30.239999771118164,119.22000122070312
2022-06-23,29.049999237060547,28.290000915527344,30.190000534057617,121.11000061035156
2022-06-24,27.229999542236328,26.040000915527344,28.950000762939453,120.43000030517578
2022-06-27,26.950000762939453,25.809999465942383,28.18000030517578,119.9800033569336
2022-06-28,28.360000610351562,27.18000030517578,29.149999618530273,120.45999908447266
2022-06-29,28.15999984741211,26.559999465942383,29.0,119.26000213623047
2022-06-30,28.709999084472656,26.860000610351562,29.709999084472656,119.94000244140625
2022-07-01,26.700000762939453,23.559999465942383,28.520000457763672,118.58999633789062
2022-07-05,27.540000915527344,27.34000015258789,28.899999618530273,118.19000244140625
2022-07-06,26.729999542236328,25.950000762939453,28.389999389648438,117.44999694824219
2022-07-07,26.079999923706055,24.790000915527344,28.030000686645508,118.76000213623047
2022-07-08,24.639999389648438,21.90999984741211,27.299999237060547,118.12999725341797
2022-07-11,26.170000076293945,24.459999084472656,28.25,119.80000305175781
2022-07-12,27.290000915527344,27.1299991607666,28.81999969482422,121.33000183105469
2022-07-13,26.81999969482422,25.940000534057617,28.559999465942383,120.41000366210938
2022-07-14,26.399999618530273,25.219999313354492,28.610000610351562,121.91999816894531
2022-07-15,24.229999542236328,22.139999389648438,27.079999923706055,122.4800033569336
2022-07-18,25.299999237060547,25.600000381469727,27.81999969482422,120.55000305175781
2022-07-19,24.5,26.200000762939453,27.309999465942383,120.04000091552734
2022-07-20,23.8799991607666,25.18000030517578,26.700000762939453,117.23999786376953
2022-07-21,23.110000610351562,23.440000534057617,26.219999313354492,118.70999908447266
2022-07-22,23.030000686645508,22.09000015258789,25.969999313354492,119.1500015258789
2022-07-25,23.360000610351562,23.09000015258789,25.799999237060547,119.45999908447266
2022-07-26,24.690000534057617,24.950000762939453,26.420000076293945,121.29000091552734
2022-07-27,23.239999771118164,22.139999389648438,25.309999465942383,121.91999816894531
2022-07-28,22.329999923706055,20.809999465942383,24.329999923706055,122.66999816894531
2022-07-29,21.329999923706055,18.56999969482422,23.790000915527344,122.29000091552734
2022-08-01,22.84000015258789,21.940000534057617,24.860000610351562,122.94000244140625
2022-08-02,23.93000030517578,23.25,25.65999984741211,121.77999877929688
2022-08-03,21.950000762939453,20.559999465942383,24.3700008392334,121.16000366210938
2022-08-04,21.440000534057617,19.690000534057617,24.31999969482422,122.80999755859375
2022-08-05,21.149999618530273,19.31999969482422,24.18000030517578,
2022-08-08,21.290000915527344,19.93000030517578,24.479999542236328,123.69000244140625
2022-08-09,21.770000457763672,20.809999465942383,24.690000534057617,123.91000366210938
2022-08-10,19.739999771118164,17.59000015258789,23.459999084472656,125.04000091552734
2022-08-11,20.200000762939453,18.030000686645508,23.709999084472656,126.83999633789062
2022-08-12,19.530000686645508,16.780000686645508,23.309999465942383,129.33999633789062
2022-08-15,19.950000762939453,18.540000915527344,23.31999969482422,127.62000274658203
2022-08-16,19.690000534057617,18.600000381469727,23.31999969482422,126.08999633789062
2022-08-17,19.899999618530273,18.639999389648438,23.600000381469727,122.05999755859375
2022-08-18,19.559999465942383,17.670000076293945,23.389999389648438,124.22000122070312
2022-08-19,20.600000381469727,18.239999771118164,24.31999969482422,123.68000030517578
2022-08-22,23.799999237060547,22.850000381469727,26.0,123.93000030517578
2022-08-23,24.110000610351562,23.350000381469727,25.920000076293945,123.83000183105469
2022-08-24,22.81999969482422,21.200000762939453,24.889999389648438,122.77999877929688
2022-08-25,21.780000686645508,20.34000015258789,24.1299991607666,123.0999984741211
2022-08-26,25.559999465942383,23.899999618530273,26.559999465942383,124.56999969482422
2022-08-29,26.209999084472656,24.760000228881836,26.81999969482422,121.97000122070312
2022-08-30,26.209999084472656,24.40999984741211,26.90999984741211,121.01000213623047
2022-08-31,25.8700008392334,23.690000534057617,26.649999618530273,119.70999908447266
2022-09-01,25.559999465942383,23.760000228881836,26.43000030517578,120.73999786376953
2022-09-02,25.469999313354492,22.969999313354492,26.479999542236328,119.80999755859375
2022-09-06,26.90999984741211,26.989999771118164,27.59000015258789,119.83999633789062
2022-09-07,24.639999389648438,24.049999237060547,26.100000381469727,119.05000305175781
2022-09-08,23.610000610351562,22.84000015258789,25.520000457763672,119.08000183105469
2022-09-09,22.790000915527344,21.709999084472656,25.139999389648438,119.66000366210938
2022-09-12,23.8700008392334,25.260000228881836,25.3700008392334,121.05999755859375
2022-09-13,27.270000457763672,29.139999389648438,27.950000762939453,125.45999908447266
2022-09-14,26.15999984741211,27.280000686645508,27.459999084472656,120.19000244140625
2022-09-15,26.270000457763672,27.110000610351562,27.600000381469727,119.97000122070312
2022-09-16,26.299999237060547,27.059999465942383,27.6299991607666,117.70999908447266
2022-09-19,25.760000228881836,27.780000686645508,27.010000228881836,116.26000213623047
2022-09-20,27.15999984741211,30.389999389648438,27.8799991607666,116.69000244140625
2022-09-21,27.989999771118164,30.34000015258789,28.760000228881836,116.20999908447266
2022-09-22,27.350000381469727,27.670000076293945,28.219999313354492,115.86000061035156
2022-09-23,29.920000076293945,30.25,30.31999969482422,118.98999786376953
2022-09-26,32.2599983215332,34.13999938964844,31.770000457763672,120.01000213623047
2022-09-27,32.599998474121094,33.4900016784668,32.119998931884766,120.38999938964844
2022-09-28,30.18000030517578,31.15999984741211,30.579999923706055,120.37999725341797
2022-09-29,31.84000015258789,32.66999816894531,31.739999771118164,121.54000091552734
2022-09-30,31.6200008392334,31.190000534057617,31.860000610351562,
2022-10-03,30.100000381469727,30.649999618530273,30.690000534057617,121.37999725341797
2022-10-04,29.06999969482422,29.81999969482422,29.670000076293945,122.45999908447266
2022-10-05,28.549999237060547,28.809999465942383,29.43000030517578,121.77999877929688
2022-10-06,30.520000457763672,31.299999237060547,30.790000915527344,122.44000244140625
2022-10-07,31.360000610351562,30.549999237060547,32.099998474121094,121.80999755859375
2022-10-10,32.45000076293945,32.220001220703125,32.72999954223633,120.06999969482422
2022-10-11,33.630001068115234,34.65999984741211,33.36000061035156,120.12000274658203
2022-10-12,33.56999969482422,34.61000061035156,33.130001068115234,119.98999786376953
2022-10-13,31.940000534057617,31.510000228881836,31.799999237060547,117.81999969482422
2022-10-14,32.02000045776367,29.670000076293945,32.45000076293945,119.30000305175781
2022-10-17,31.3700008392334,30.600000381469727,31.739999771118164,116.97000122070312
2022-10-18,30.5,28.989999771118164,30.979999542236328,116.87999725341797
2022-10-19,30.760000228881836,28.670000076293945,31.350000381469727,117.26000213623047
2022-10-20,29.979999542236328,27.8700008392334,30.809999465942383,117.41000366210938
2022-10-21,29.690000534057617,28.459999084472656,30.469999313354492,116.19000244140625
2022-10-24,29.850000381469727,31.65999984741211,30.329999923706055,114.97000122070312
2022-10-25,28.459999084472656,30.670000076293945,29.290000915527344,114.63999938964844
2022-10-26,27.280000686645508,29.31999969482422,28.459999084472656,113.86000061035156
2022-10-27,27.389999389648438,29.770000457763672,28.280000686645508,113.2300033569336
2022-10-28,25.75,27.809999465942383,26.899999618530273,112.05999755859375
2022-10-31,25.8799991607666,29.799999237060547,26.920000076293945,111.95999908447266
2022-11-01,25.809999465942383,30.510000228881836,26.690000534057617,111.44000244140625
2022-11-02,25.860000610351562,29.3700008392334,27.219999313354492,111.98999786376953
2022-11-03,25.299999237060547,28.399999618530273,26.700000762939453,110.33999633789062
2022-11-04,24.549999237060547,27.040000915527344,26.389999389648438,111.62000274658203
2022-11-07,24.350000381469727,27.15999984741211,26.260000228881836,111.66999816894531
2022-11-08,25.540000915527344,28.700000762939453,27.100000381469727,113.55000305175781
2022-11-09,26.09000015258789,28.899999618530273,27.90999984741211,114.36000061035156
2022-11-10,23.530000686645508,24.459999084472656,26.18000030517578,111.41999816894531
2022-11-11,22.520000457763672,21.309999465942383,25.739999771118164,114.08999633789062
2022-11-14,23.729999542236328,21.190000534057617,26.1299991607666,113.66999816894531
2022-11-15,24.540000915527344,21.799999237060547,26.59000015258789,115.94000244140625
2022-11-16,24.110000610351562,19.670000076293945,26.030000686645508,115.55999755859375
2022-11-17,23.93000030517578,19.739999771118164,25.829999923706055,115.23999786376953
2022-11-18,23.1200008392334,18.34000015258789,25.329999923706055,114.97000122070312
2022-11-21,22.360000610351562,19.510000228881836,24.719999313354492,114.5199966430664
2022-11-22,21.290000915527344,19.030000686645508,23.829999923706055,116.23999786376953
2022-11-23,20.350000381469727,16.90999984741211,23.3799991607666,118.6500015258789
2022-11-25,20.5,17.059999465942383,23.59000015258789,128.11000061035156
2022-11-28,22.209999084472656,20.06999969482422,24.899999618530273,118.47000122070312
2022-11-29,21.889999389648438,20.389999389648438,24.649999618530273,120.37999725341797
2022-11-30,20.579999923706055,18.8700008392334,23.530000686645508,118.47000122070312
2022-12-01,19.84000015258789,18.3799991607666,23.309999465942383,117.79000091552734
2022-12-02,19.059999465942383,17.950000762939453,22.959999084472656,118.11000061035156
2022-12-05,20.75,23.809999465942383,23.889999389648438,117.75
2022-12-06,22.170000076293945,27.079999923706055,24.719999313354492,117.11000061035156
2022-12-07,22.68000030517578,28.06999969482422,25.18000030517578,117.80999755859375
2022-12-08,22.290000915527344,26.739999771118164,24.729999542236328,117.54000091552734
2022-12-09,22.829999923706055,26.479999542236328,25.209999084472656,119.23999786376953
2022-12-12,25.0,29.540000915527344,25.670000076293945,121.86000061035156
2022-12-13,22.549999237060547,23.700000762939453,24.290000915527344,122.7300033569336
2022-12-14,21.139999389648438,20.200000762939453,23.459999084472656,124.2300033569336
2022-12-15,22.829999923706055,21.729999542236328,25.079999923706055,124.48999786376953
2022-12-16,22.6200008392334,20.510000228881836,25.149999618530273,120.04000091552734
2022-12-19,22.420000076293945,20.829999923706055,25.079999923706055,117.08999633789062
2022-12-20,21.479999542236328,19.780000686645508,24.399999618530273,115.56999969482422
2022-12-21,20.06999969482422,17.579999923706055,23.350000381469727,114.25
2022-12-22,21.969999313354492,19.84000015258789,24.780000686645508,114.41999816894531
2022-12-23,20.8700008392334,17.489999771118164,24.1299991607666,114.56999969482422
2022-12-27,21.649999618530273,19.770000457763672,24.43000030517578,113.44000244140625
2022-12-28,22.139999389648438,20.8799991607666,24.579999923706055,112.02999877929688
2022-12-29,21.440000534057617,20.489999771118164,23.950000762939453,113.2699966430664
2022-12-30,21.670000076293945,21.139999389648438,24.290000915527344,113.56999969482422
2023-01-03,22.899999618530273,25.079999923706055,24.579999923706055,112.73999786376953
2023-01-04,22.010000228881836,23.920000076293945,23.809999465942383,112.13999938964844
2023-01-05,22.459999084472656,24.540000915527344,24.06999969482422,112.66999816894531
2023-01-06,21.1299991607666,21.56999969482422,23.18000030517578,113.86000061035156
2023-01-09,21.969999313354492,23.040000915527344,23.739999771118164,114.41999816894531
2023-01-10,20.579999923706055,21.5,22.739999771118164,114.6500015258789
2023-01-11,21.09000015258789,22.40999984741211,22.739999771118164,115.0999984741211
2023-01-12,18.829999923706055,16.459999084472656,21.579999923706055,117.38999938964844
2023-01-13,18.350000381469727,14.819999694824219,21.139999389648438,121.69999694824219
2023-01-17,19.360000610351562,16.610000610351562,21.450000762939453,120.01000213623047
2023-01-18,20.34000015258789,17.239999771118164,22.270000457763672,119.91000366210938
2023-01-19,20.520000457763672,18.280000686645508,22.450000762939453,121.2300033569336
2023-01-20,19.850000381469727,18.260000228881836,21.719999313354492,120.19000244140625
2023-01-23,19.809999465942383,21.25,21.600000381469727,120.91000366210938
2023-01-24,19.200000762939453,21.84000015258789,20.90999984741211,121.33999633789062
2023-01-25,19.079999923706055,22.010000228881836,20.940000534057617,121.04000091552734
2023-01-26,18.729999542236328,21.049999237060547,20.700000762939453,121.48999786376953
2023-01-27,18.510000228881836,20.030000686645508,20.469999313354492,121.97000122070312
2023-01-30,19.940000534057617,22.420000076293945,21.3700008392334,120.69000244140625
2023-01-31,19.399999618530273,21.739999771118164,20.809999465942383,123.29000091552734
2023-02-01,17.8700008392334,18.559999465942383,19.969999313354492,122.19000244140625
2023-02-02,18.729999542236328,19.1299991607666,20.84000015258789,123.87999725341797
2023-02-03,18.329999923706055,17.760000228881836,20.780000686645508,123.08000183105469
2023-02-06,19.43000030517578,20.670000076293945,21.43000030517578,123.01000213623047
2023-02-07,18.65999984741211,19.6200008392334,20.780000686645508,123.36000061035156
2023-02-08,19.6299991607666,21.0,21.81999969482422,121.5199966430664
2023-02-09,20.709999084472656,22.739999771118164,22.5,120.58000183105469
2023-02-10,20.530000686645508,21.5,22.549999237060547,120.87999725341797
2023-02-13,20.34000015258789,21.40999984741211,21.969999313354492,122.4800033569336
2023-02-14,18.90999984741211,17.719999313354492,21.139999389648438,
2023-02-15,18.229999542236328,16.020000457763672,20.68000030517578,121.36000061035156
2023-02-16,20.170000076293945,19.329999923706055,21.8799991607666,123.08999633789062
2023-02-17,20.020000457763672,16.940000534057617,21.770000457763672,122.88999938964844
2023-02-21,22.8700008392334,21.139999389648438,23.3799991607666,124.08999633789062
2023-02-22,22.290000915527344,19.200000762939453,22.68000030517578,122.80999755859375
2023-02-23,21.139999389648438,18.110000610351562,21.739999771118164,121.8499984741211
2023-02-24,21.670000076293945,18.3799991607666,22.43000030517578,121.22000122070312
2023-02-27,20.950000762939453,19.3700008392334,21.59000015258789,120.54000091552734
2023-02-28,20.700000762939453,19.59000015258789,21.31999969482422,120.01000213623047
2023-03-01,20.579999923706055,19.59000015258789,21.360000610351562,118.88999938964844
2023-03-02,19.59000015258789,18.709999084472656,20.6299991607666,
2023-03-03,18.489999771118164,17.760000228881836,19.979999542236328,118.13999938964844
2023-03-06,18.610000610351562,19.600000381469727,19.989999771118164,120.19000244140625
2023-03-07,19.59000015258789,20.959999084472656,20.59000015258789,120.55999755859375
2023-03-08,19.110000610351562,20.56999969482422,20.190000534057617,
2023-03-09,22.610000610351562,25.459999084472656,22.8700008392334,122.22000122070312
2023-03-10,24.799999237060547,26.860000610351562,25.389999389648438,130.27000427246094
2023-03-13,26.520000457763672,30.93000030517578,26.639999389648438,132.13999938964844
2023-03-14,23.729999542236328,25.969999313354492,24.8700008392334,132.72000122070312
2023-03-15,26.139999389648438,29.309999465942383,27.200000762939453,136.6199951171875
2023-03-16,22.989999771118164,24.610000610351562,24.559999465942383,134.52999877929688
2023-03-17,25.510000228881836,27.010000228881836,27.420000076293945,131.33999633789062
2023-03-20,24.149999618530273,25.899999618530273,25.850000381469727,129.91000366210938
2023-03-21,21.3799991607666,22.84000015258789,23.56999969482422,127.45999908447266
2023-03-22,22.260000228881836,23.75,24.3799991607666,123.16000366210938
2023-03-23,22.610000610351562,23.110000610351562,24.530000686645508,
2023-03-24,21.739999771118164,20.6200008392334,23.959999084472656,126.87999725341797
2023-03-27,20.600000381469727,19.309999465942383,22.8700008392334,126.0
2023-03-28,19.969999313354492,18.329999923706055,22.3799991607666,122.9000015258789
2023-03-29,19.1200008392334,17.170000076293945,21.489999771118164,123.76000213623047
2023-03-30,19.020000457763672,17.299999237060547,21.450000762939453,126.30999755859375
2023-03-31,18.700000762939453,16.510000228881836,21.229999542236328,125.8499984741211
2023-04-03,18.549999237060547,17.030000686645508,20.829999923706055,126.20999908447266
2023-04-04,19.0,17.420000076293945,21.34000015258789,127.02999877929688
2023-04-05,19.079999923706055,16.989999771118164,21.479999542236328,126.9800033569336
2023-04-06,18.399999618530273,15.680000305175781,21.0,124.41999816894531
2023-04-10,18.969999313354492,16.799999237060547,21.06999969482422,126.95999908447266
2023-04-11,19.100000381469727,16.860000610351562,21.010000228881836,127.41999816894531
2023-04-12,19.09000015258789,15.899999618530273,21.049999237060547,130.0
2023-04-13,17.799999237060547,14.649999618530273,20.260000228881836,132.36000061035156
2023-04-14,17.06999969482422,13.350000381469727,20.030000686645508,134.64999389648438
2023-04-17,16.950000762939453,14.510000228881836,19.649999618530273,135.0399932861328
2023-04-18,16.829999923706055,14.710000038146973,19.81999969482422,137.1199951171875
2023-04-19,16.459999084472656,14.300000190734863,20.020000457763672,
2023-04-20,17.170000076293945,15.130000114440918,20.549999237060547,133.49000549316406
2023-04-21,16.770000457763672,14.880000114440918,20.389999389648438,132.94000244140625
2023-04-24,16.889999389648438,16.649999618530273,20.399999618530273,132.39999389648438
2023-04-25,18.760000228881836,19.079999923706055,21.649999618530273,130.2899932861328
2023-04-26,18.84000015258789,19.280000686645508,21.540000915527344,130.5
2023-04-27,17.030000686645508,17.219999313354492,20.3700008392334,136.60000610351562
2023-04-28,15.779999732971191,15.529999732971191,19.540000915527344,138.44000244140625
2023-05-01,16.079999923706055,16.06999969482422,19.670000076293945,135.66000366210938
2023-05-02,17.780000686645508,18.610000610351562,20.75,131.08999633789062
2023-05-03,18.34000015258789,18.489999771118164,21.290000915527344,130.41000366210938
2023-05-04,20.09000015258789,19.8799991607666,22.770000457763672,130.5399932861328
2023-05-05,17.190000534057617,15.34000015258789,20.780000686645508,134.32000732421875
2023-05-08,16.979999542236328,15.239999771118164,20.709999084472656,132.32000732421875
2023-05-09,17.709999084472656,16.399999618530273,21.170000076293945,133.8800048828125
2023-05-10,16.940000534057617,14.59000015258789,20.690000534057617,138.6300048828125
2023-05-11,16.93000030517578,14.489999771118164,20.6200008392334,
2023-05-12,17.030000686645508,14.09000015258789,20.65999984741211,140.25999450683594
2023-05-15,17.1200008392334,14.640000343322754,20.309999465942383,138.57000732421875
2023-05-16,17.989999771118164,15.989999771118164,20.899999618530273,137.32000732421875
2023-05-17,16.8700008392334,14.670000076293945,20.049999237060547,137.52999877929688
2023-05-18,16.049999237060547,14.0600004196167,19.329999923706055,138.05999755859375
2023-05-19,16.809999465942383,14.25,20.040000915527344,135.52000427246094
2023-05-22,17.209999084472656,15.520000457763672,20.360000610351562,136.24000549316406
2023-05-23,18.530000686645508,17.3700008392334,21.059999465942383,136.4199981689453
2023-05-24,20.030000686645508,19.770000457763672,22.020000457763672,138.3699951171875
2023-05-25,19.139999389648438,18.459999084472656,21.3799991607666,140.72999572753906
2023-05-26,17.950000762939453,17.239999771118164,20.440000534057617,
2023-05-30,17.459999084472656,16.510000228881836,20.1299991607666,145.13999938964844
2023-05-31,17.940000534057617,16.850000381469727,20.209999084472656,158.3000030517578
2023-06-01,15.649999618530273,13.979999542236328,18.75,151.97999572753906
2023-06-02,14.600000381469727,12.739999771118164,17.920000076293945,142.61000061035156
2023-06-05,14.729999542236328,14.140000343322754,17.899999618530273,143.17999267578125
2023-06-06,13.960000038146973,13.829999923706055,17.040000915527344,146.27000427246094
2023-06-07,13.9399995803833,13.859999656677246,17.139999389648438,151.00999450683594
2023-06-08,13.649999618530273,13.59000015258789,16.860000610351562,155.52999877929688
2023-06-09,13.829999923706055,13.289999961853027,16.959999084472656,152.77999877929688
2023-06-12,15.010000228881836,15.350000381469727,17.280000686645508,157.7100067138672
2023-06-13,14.609999656677246,14.399999618530273,17.229999542236328,156.44000244140625
2023-06-14,13.880000114440918,12.710000038146973,16.860000610351562,150.3699951171875
2023-06-15,14.5,13.579999923706055,17.18000030517578,147.86000061035156
2023-06-16,13.539999961853027,11.329999923706055,16.75,143.07000732421875
2023-06-20,13.880000114440918,12.920000076293945,17.299999237060547,138.75
2023-06-21,13.199999809265137,12.029999732971191,16.889999389648438,133.72000122070312
2023-06-22,12.90999984741211,11.149999618530273,16.559999465942383,136.14999389648438
2023-06-23,13.4399995803833,11.609999656677246,16.8700008392334,137.85000610351562
2023-06-26,14.25,12.680000305175781,17.049999237060547,140.08999633789062
2023-06-27,13.739999771118164,12.050000190734863,16.440000534057617,
2023-06-28,13.430000305175781,11.739999771118164,15.899999618530273,138.3699951171875
2023-06-29,13.539999961853027,11.75,16.100000381469727,143.0500030517578
2023-06-30,13.59000015258789,11.529999732971191,16.020000457763672,149.9600067138672
2023-07-03,13.569999694824219,12.0,16.06999969482422,
2023-07-05,14.180000305175781,12.569999694824219,16.510000228881836,144.0800018310547
2023-07-06,15.4399995803833,13.960000038146973,17.520000457763672,148.4499969482422
2023-07-07,14.829999923706055,12.600000381469727,17.239999771118164,148.1300048828125
2023-07-10,15.069999694824219,13.5,17.25,142.49000549316406
2023-07-11,14.84000015258789,13.699999809265137,16.969999313354492,
2023-07-12,13.539999961853027,11.380000114440918,16.110000610351562,148.32000732421875
2023-07-13,13.609999656677246,12.130000114440918,16.1200008392334,147.0800018310547
2023-07-14,13.34000015258789,11.899999618530273,16.040000915527344,149.47999572753906
2023-07-17,13.479999542236328,13.09000015258789,16.270000457763672,142.24000549316406
2023-07-18,13.300000190734863,13.149999618530273,16.1299991607666,141.86000061035156
2023-07-19,13.760000228881836,13.359999656677246,16.559999465942383,141.25
2023-07-20,13.989999771118164,13.569999694824219,16.65999984741211,142.82000732421875
2023-07-21,13.600000381469727,12.5,16.399999618530273,142.5500030517578
2023-07-24,13.90999984741211,13.40999984741211,16.260000228881836,143.75
2023-07-25,13.859999656677246,13.489999771118164,16.219999313354492,142.17999267578125
2023-07-26,13.1899995803833,11.739999771118164,15.789999961853027,143.5800018310547
2023-07-27,14.40999984741211,13.470000267028809,16.6299991607666,147.92999267578125
2023-07-28,13.329999923706055,11.229999542236328,15.920000076293945,143.47999572753906
2023-07-31,13.630000114440918,12.619999885559082,16.010000228881836,145.47000122070312
2023-08-01,13.930000305175781,13.010000228881836,16.34000015258789,142.57000732421875
2023-08-02,16.09000015258789,15.399999618530273,17.959999084472656,145.75
2023-08-03,15.920000076293945,15.0600004196167,17.719999313354492,147.3800048828125
2023-08-04,17.100000381469727,16.09000015258789,18.610000610351562,153.35000610351562
2023-08-07,15.770000457763672,14.680000305175781,17.719999313354492,148.5399932861328
2023-08-08,15.989999771118164,14.8100004196167,18.1299991607666,142.3000030517578
2023-08-09,15.960000038146973,15.329999923706055,18.049999237060547,137.1199951171875
2023-08-10,15.850000381469727,15.380000114440918,18.15999984741211,136.5800018310547
2023-08-11,14.84000015258789,13.630000114440918,17.559999465942383,135.16000366210938
2023-08-14,14.819999694824219,14.569999694824219,17.40999984741211,136.89999389648438
2023-08-15,16.459999084472656,16.559999465942383,18.59000015258789,136.69000244140625
2023-08-16,16.780000686645508,16.360000610351562,18.969999313354492,132.08999633789062
2023-08-17,17.889999389648438,17.469999313354492,19.829999923706055,132.50999450683594
2023-08-18,17.299999237060547,16.540000915527344,19.239999771118164,134.77000427246094
2023-08-21,17.1299991607666,16.81999969482422,18.770000457763672,133.58999633789062
2023-08-22,16.969999313354492,16.389999389648438,18.719999313354492,134.05999755859375
2023-08-23,15.979999542236328,15.34000015258789,17.940000534057617,131.82000732421875
2023-08-24,17.200000762939453,16.100000381469727,18.75,132.47999572753906
2023-08-25,15.680000305175781,13.779999732971191,17.719999313354492,132.27000427246094
2023-08-28,15.079999923706055,13.529999732971191,17.1200008392334,130.19000244140625
2023-08-29,14.449999809265137,13.300000190734863,16.559999465942383,135.22999572753906
2023-08-30,13.880000114440918,12.420000076293945,16.18000030517578,142.13999938964844
2023-08-31,13.569999694824219,11.789999961853027,15.920000076293945,144.6999969482422
2023-09-01,13.09000015258789,10.449999809265137,15.739999771118164,144.27999877929688
2023-09-05,14.010000228881836,12.890000343322754,16.239999771118164,139.6199951171875
2023-09-06,14.449999809265137,13.100000381469727,16.610000610351562,137.8800048828125
2023-09-07,14.399999618530273,13.100000381469727,16.579999923706055,135.58999633789062
2023-09-08,13.84000015258789,12.380000114440918,16.139999389648438,138.17999267578125
2023-09-11,13.800000190734863,13.270000457763672,16.020000457763672,138.2100067138672
2023-09-12,14.229999542236328,14.050000190734863,16.25,136.25
2023-09-13,13.479999542236328,12.470000267028809,15.920000076293945,137.4199981689453
2023-09-14,12.819999694824219,11.800000190734863,15.34000015258789,144.32000732421875
2023-09-15,13.789999961853027,12.510000228881836,16.020000457763672,142.9199981689453
2023-09-18,14.0,13.619999885559082,16.1299991607666,137.64999389648438
2023-09-19,14.109999656677246,14.229999542236328,16.1299991607666,137.30999755859375
2023-09-20,15.140000343322754,15.270000457763672,16.809999465942383,135.74000549316406
2023-09-21,17.540000915527344,18.8799991607666,18.239999771118164,135.94000244140625
2023-09-22,17.200000762939453,17.510000228881836,18.09000015258789,137.74000549316406
2023-09-25,16.899999618530273,17.559999465942383,18.020000457763672,133.05999755859375
2023-09-26,18.940000534057617,19.850000381469727,19.719999313354492,136.3000030517578
2023-09-27,18.219999313354492,18.920000076293945,19.110000610351562,135.3800048828125
2023-09-28,17.34000015258789,17.6299991607666,18.3799991607666,133.47999572753906
2023-09-29,17.520000457763672,17.200000762939453,18.510000228881836,134.5
2023-10-02,17.610000610351562,17.610000610351562,18.6200008392334,
2023-10-03,19.780000686645508,19.899999618530273,20.40999984741211,129.77999877929688
2023-10-04,18.579999923706055,18.299999237060547,19.520000457763672,130.67999267578125
2023-10-05,18.489999771118164,18.360000610351562,19.5,129.75
2023-10-06,17.450000762939453,16.290000915527344,18.729999542236328,129.36000061035156
2023-10-09,17.700000762939453,17.8799991607666,18.809999465942383,133.63999938964844
2023-10-10,17.030000686645508,17.110000610351562,18.270000457763672,135.1699981689453
2023-10-11,16.09000015258789,15.170000076293945,17.6299991607666,137.61000061035156
2023-10-12,16.690000534057617,15.869999885559082,18.09000015258789,136.1300048828125
2023-10-13,19.31999969482422,18.760000228881836,20.56999969482422,144.3000030517578
2023-10-16,17.209999084472656,17.190000534057617,18.790000915527344,137.9499969482422
2023-10-17,17.8799991607666,17.709999084472656,19.260000228881836,138.72000122070312
2023-10-18,19.219999313354492,18.899999618530273,20.469999313354492,137.10000610351562
2023-10-19,21.399999618530273,21.459999084472656,22.190000534057617,137.72999572753906
2023-10-20,21.709999084472656,20.760000228881836,22.440000534057617,136.74000549316406
2023-10-23,20.3700008392334,20.690000534057617,21.329999923706055,133.9199981689453
2023-10-24,18.969999313354492,19.309999465942383,20.209999084472656,132.44000244140625
2023-10-25,20.190000534057617,20.489999771118164,21.329999923706055,132.2899932861328
2023-10-26,20.68000030517578,20.799999237060547,21.56999969482422,133.3800048828125
2023-10-27,21.270000457763672,21.360000610351562,22.270000457763672,132.74000549316406
2023-10-30,19.75,20.649999618530273,20.799999237060547,130.1300048828125
2023-10-31,18.139999389648438,19.020000457763672,19.489999771118164,128.2100067138672
2023-11-01,16.8700008392334,16.8700008392334,18.549999237060547,129.82000732421875
2023-11-02,15.65999984741211,15.15999984741211,17.799999237060547,133.8000030517578
2023-11-03,14.90999984741211,13.710000038146973,17.219999313354492,
2023-11-06,14.890000343322754,14.529999732971191,17.030000686645508,137.88999938964844
2023-11-07,14.8100004196167,14.430000305175781,16.920000076293945,139.52000427246094
2023-11-08,14.449999809265137,13.829999923706055,16.639999389648438,139.41000366210938
2023-11-09,15.289999961853027,14.699999809265137,17.299999237060547,139.27999877929688
2023-11-10,14.170000076293945,12.779999732971191,16.520000457763672,
2023-11-13,14.760000228881836,13.800000190734863,16.610000610351562,135.27000427246094
2023-11-14,14.15999984741211,12.869999885559082,16.290000915527344,138.3800048828125
2023-11-15,14.180000305175781,11.890000343322754,16.280000686645508,142.97999572753906
2023-11-16,14.319999694824219,11.8100004196167,16.139999389648438,154.4499969482422
2023-11-17,13.800000190734863,10.670000076293945,15.850000381469727,146.8800048828125
2023-11-20,13.40999984741211,11.140000343322754,15.6899995803833,
2023-11-21,13.350000381469727,11.470000267028809,15.5,140.8000030517578
2023-11-22,12.850000381469727,9.960000038146973,15.479999542236328,141.5500030517578
2023-11-24,12.460000038146973,9.829999923706055,15.119999885559082,
2023-11-27,12.6899995803833,11.270000457763672,15.34000015258789,142.1999969482422
2023-11-28,12.6899995803833,11.520000457763672,15.239999771118164,142.67999267578125
2023-11-29,12.979999542236328,12.050000190734863,15.510000228881836,139.82000732421875
2023-11-30,12.920000076293945,12.300000190734863,15.4399995803833,144.5399932861328
2023-12-01,12.630000114440918,11.979999542236328,15.359999656677246,144.5399932861328
2023-12-04,13.079999923706055,13.460000038146973,15.680000305175781,144.5399932861328
2023-12-05,12.850000381469727,13.529999732971191,15.569999694824219,144.5399932861328
2023-12-06,12.970000267028809,13.670000076293945,15.739999771118164,144.5399932861328
2023-12-07,13.0600004196167,13.729999542236328,15.649999618530273,130.83999633789062
2023-12-08,12.350000381469727,12.210000038146973,15.15999984741211,134.10000610351562
2023-12-11,12.630000114440918,12.680000305175781,15.1899995803833,140.89999389648438
2023-12-12,12.069999694824219,11.640000343322754,14.829999923706055,148.8300018310547
2023-12-13,12.1899995803833,12.430000305175781,14.65999984741211,152.02000427246094
2023-12-14,12.479999542236328,12.289999961853027,14.789999961853027,162.50999450683594
2023-12-15,12.279999732971191,10.869999885559082,15.130000114440918,153.25999450683594
2023-12-18,12.5600004196167,11.4399995803833,15.470000267028809,139.36000061035156
2023-12-19,12.529999732971191,11.25,15.640000343322754,133.17999267578125
2023-12-20,13.670000076293945,13.670000076293945,16.579999923706055,136.86000061035156
2023-12-21,13.649999618530273,13.109999656677246,16.299999237060547,138.17999267578125
2023-12-22,13.029999732971191,11.5600004196167,15.989999771118164,134.4600067138672
2023-12-26,12.989999771118164,12.449999809265137,15.880000114440918,
2023-12-27,12.430000305175781,11.229999542236328,15.270000457763672,135.63999938964844
2023-12-28,12.470000267028809,11.229999542236328,15.229999542236328,136.89999389648438
2023-12-29,12.449999809265137,10.670000076293945,15.260000228881836,138.0500030517578
2024-01-02,13.199999809265137,12.59000015258789,15.479999542236328,134.8000030517578
2024-01-03,14.039999961853027,13.239999771118164,16.040000915527344,134.22999572753906
2024-01-04,14.130000114440918,13.0600004196167,16.040000915527344,136.60000610351562
2024-01-05,13.350000381469727,11.710000038146973,15.510000228881836,132.67999267578125
2024-01-08,13.079999923706055,11.699999809265137,15.140000343322754,137.0500030517578
2024-01-09,12.760000228881836,11.350000381469727,14.899999618530273,140.9499969482422
2024-01-10,12.6899995803833,11.09000015258789,14.729999542236328,137.39999389648438
2024-01-11,12.4399995803833,10.75,14.5600004196167,140.36000061035156
2024-01-12,12.699999809265137,10.520000457763672,14.9399995803833,143.80999755859375
2024-01-16,13.84000015258789,12.640000343322754,15.739999771118164,139.94000244140625
2024-01-17,14.789999961853027,13.319999694824219,16.3799991607666,147.75999450683594
2024-01-18,14.130000114440918,12.65999984741211,15.84000015258789,148.14999389648438
2024-01-19,13.300000190734863,11.819999694824219,15.260000228881836,
2024-01-22,13.1899995803833,13.180000305175781,14.970000267028809,146.00999450683594
2024-01-23,12.550000190734863,12.489999771118164,14.520000457763672,148.1199951171875
2024-01-24,13.140000343322754,13.579999923706055,14.970000267028809,150.25
2024-01-25,13.449999809265137,13.739999771118164,15.100000381469727,153.0500030517578
2024-01-26,13.260000228881836,13.069999694824219,15.029999732971191,151.36000061035156
2024-01-29,13.600000381469727,13.949999809265137,15.220000267028809,149.02999877929688
2024-01-30,13.3100004196167,13.720000267028809,15.140000343322754,148.72999572753906
2024-01-31,14.350000381469727,14.550000190734863,15.960000038146973,150.2100067138672
2024-02-01,13.880000114440918,13.279999732971191,15.5,160.0800018310547
2024-02-02,13.850000381469727,13.039999961853027,15.609999656677246,160.02000427246094
2024-02-05,13.670000076293945,13.350000381469727,15.329999923706055,155.49000549316406
2024-02-06,13.0600004196167,12.460000038146973,14.989999771118164,152.82000732421875
2024-02-07,12.829999923706055,11.960000038146973,14.850000381469727,151.41000366210938
2024-02-08,12.789999961853027,11.600000381469727,14.930000305175781,150.36000061035156
2024-02-09,12.930000305175781,11.609999656677246,15.079999923706055,156.6199951171875
2024-02-12,13.930000305175781,13.029999732971191,15.670000076293945,152.8000030517578
2024-02-13,15.850000381469727,15.0,16.81999969482422,170.52000427246094
2024-02-14,14.380000114440918,12.920000076293945,15.930000305175781,160.39999389648438
2024-02-15,14.010000228881836,12.470000267028809,15.760000228881836,148.89999389648438
2024-02-16,14.239999771118164,12.569999694824219,15.859999656677246,142.6199951171875
2024-02-20,15.420000076293945,14.850000381469727,16.40999984741211,141.4499969482422
2024-02-21,15.34000015258789,14.649999618530273,16.229999542236328,142.72000122070312
2024-02-22,14.539999961853027,13.170000076293945,15.770000457763672,145.91000366210938
2024-02-23,13.75,11.920000076293945,15.25,144.0
2024-02-26,13.739999771118164,13.130000114440918,15.220000267028809,143.60000610351562
2024-02-27,13.430000305175781,12.84000015258789,14.890000343322754,147.2899932861328
2024-02-28,13.84000015258789,13.520000457763672,15.220000267028809,149.08999633789062
2024-02-29,13.399999618530273,12.479999542236328,14.930000305175781,149.8300018310547
2024-03-01,13.109999656677246,11.819999694824219,14.930000305175781,150.4199981689453
2024-03-04,13.489999771118164,13.229999542236328,15.229999542236328,145.94000244140625
2024-03-05,14.460000038146973,14.880000114440918,15.90999984741211,144.89999389648438
2024-03-06,14.5,14.880000114440918,15.970000267028809,143.63999938964844
2024-03-07,14.4399995803833,14.550000190734863,15.90999984741211,142.94000244140625
2024-03-08,14.739999771118164,14.630000114440918,16.299999237060547,141.17999267578125
2024-03-11,15.220000267028809,16.459999084472656,16.459999084472656,142.27000427246094
2024-03-12,13.84000015258789,14.069999694824219,15.65999984741211,142.22999572753906
2024-03-13,13.75,14.100000381469727,15.600000381469727,144.1699981689453
2024-03-14,14.399999618530273,14.869999885559082,16.1200008392334,143.9499969482422
2024-03-15,14.40999984741211,14.15999984741211,16.40999984741211,138.91000366210938
2024-03-18,14.329999923706055,14.5,16.219999313354492,139.97000122070312
2024-03-19,13.819999694824219,13.640000343322754,15.770000457763672,141.61000061035156
2024-03-20,13.039999961853027,11.579999923706055,15.279999732971191,141.19000244140625
2024-03-21,12.920000076293945,11.170000076293945,15.180000305175781,154.0
2024-03-22,13.0600004196167,10.859999656677246,15.300000190734863,155.83999633789062
2024-03-25,13.1899995803833,11.470000267028809,15.380000114440918,151.60000610351562
2024-03-26,13.239999771118164,11.59000015258789,15.289999961853027,157.60000610351562
2024-03-27,12.779999732971191,10.529999732971191,15.010000228881836,157.11000061035156
2024-03-28,13.010000228881836,10.5600004196167,15.1899995803833,155.44000244140625
2024-04-01,13.649999618530273,12.619999885559082,15.520000457763672,146.3300018310547
2024-04-02,14.609999656677246,14.029999732971191,16.09000015258789,142.13999938964844
2024-04-03,14.329999923706055,13.270000457763672,15.90999984741211,138.52000427246094
2024-04-04,16.350000381469727,17.139999389648438,17.15999984741211,142.49000549316406
2024-04-05,16.030000686645508,15.460000038146973,17.18000030517578,142.63999938964844
2024-04-08,15.1899995803833,14.5600004196167,16.559999465942383,140.6300048828125
2024-04-09,14.979999542236328,14.699999809265137,16.420000076293945,139.27999877929688
2024-04-10,15.800000190734863,15.8100004196167,17.040000915527344,139.94000244140625
2024-04-11,14.90999984741211,14.180000305175781,16.489999771118164,136.16000366210938
2024-04-12,17.309999465942383,17.329999923706055,18.200000762939453,142.30999755859375
2024-04-15,19.229999542236328,20.760000228881836,19.549999237060547,137.72000122070312
2024-04-16,18.399999618530273,19.239999771118164,18.84000015258789,135.60000610351562
2024-04-17,18.209999084472656,18.100000381469727,18.770000457763672,134.3800048828125
2024-04-18,18.0,17.8799991607666,18.65999984741211,131.8000030517578
2024-04-19,18.709999084472656,18.1299991607666,19.25,133.39999389648438
2024-04-22,16.940000534057617,17.450000762939453,17.6299991607666,131.67999267578125
2024-04-23,15.6899995803833,16.25,16.68000030517578,135.61000061035156
2024-04-24,15.970000267028809,16.290000915527344,16.84000015258789,135.05999755859375
2024-04-25,15.369999885559082,15.8100004196167,16.3700008392334,
2024-04-26,15.029999732971191,14.670000076293945,16.270000457763672,140.86000061035156
2024-04-29,14.670000076293945,15.109999656677246,16.0,138.3000030517578
2024-04-30,15.649999618530273,16.65999984741211,16.59000015258789,132.39999389648438
2024-05-01,15.390000343322754,15.90999984741211,16.56999969482422,133.35000610351562
2024-05-02,14.680000305175781,14.859999656677246,16.049999237060547,132.1199951171875
2024-05-03,13.489999771118164,12.0,15.270000457763672,135.17999267578125
2024-05-06,13.489999771118164,13.130000114440918,15.020000457763672,130.0800018310547
2024-05-07,13.229999542236328,12.760000228881836,14.949999809265137,133.63999938964844
2024-05-08,13.0,12.479999542236328,14.899999618530273,133.24000549316406
2024-05-09,12.6899995803833,11.920000076293945,14.710000038146973,136.4600067138672
2024-05-10,12.550000190734863,11.819999694824219,14.65999984741211,137.3000030517578
2024-05-13,13.600000381469727,13.710000038146973,14.890000343322754,139.64999389648438
2024-05-14,13.420000076293945,13.3100004196167,14.699999809265137,140.17999267578125
2024-05-15,12.449999809265137,11.420000076293945,14.079999923706055,140.63999938964844
2024-05-16,12.420000076293945,10.960000038146973,14.220000267028809,147.85000610351562
2024-05-17,11.989999771118164,9.670000076293945,13.989999771118164,143.0500030517578
2024-05-20,12.149999618530273,10.529999732971191,14.109999656677246,144.5399932861328
2024-05-21,11.859999656677246,10.079999923706055,13.949999809265137,149.52000427246094
2024-05-22,12.289999961853027,11.140000343322754,14.3100004196167,150.13999938964844
2024-05-23,12.770000457763672,10.789999961853027,14.670000076293945,153.3300018310547
2024-05-24,11.930000305175781,9.1899995803833,14.170000076293945,155.86000061035156
2024-05-28,12.920000076293945,11.510000228881836,14.720000267028809,152.22999572753906
2024-05-29,14.279999732971191,13.40999984741211,15.449999809265137,151.8000030517578
2024-05-30,14.470000267028809,13.670000076293945,15.59000015258789,
2024-05-31,12.920000076293945,11.680000305175781,14.65999984741211,148.10000610351562
2024-06-03,13.109999656677246,13.90999984741211,14.800000190734863,139.00999450683594
2024-06-04,13.15999984741211,14.279999732971191,14.880000114440918,138.17999267578125
2024-06-05,12.630000114440918,13.989999771118164,14.539999961853027,141.39999389648438
2024-06-06,12.579999923706055,13.470000267028809,14.539999961853027,140.17999267578125
2024-06-07,12.220000267028809,12.329999923706055,14.40999984741211,139.61000061035156
2024-06-10,12.739999771118164,12.850000381469727,14.600000381469727,141.55999755859375
2024-06-11,12.850000381469727,12.869999885559082,14.489999771118164,144.6999969482422
2024-06-12,12.039999961853027,10.399999618530273,14.119999885559082,
2024-06-13,11.9399995803833,10.279999732971191,14.170000076293945,
2024-06-14,12.65999984741211,11.0,14.84000015258789,156.17999267578125
2024-06-17,12.75,11.9399995803833,14.789999961853027,153.83999633789062
2024-06-18,12.300000190734863,11.119999885559082,14.6899995803833,142.89999389648438
2024-06-20,13.279999732971191,12.359999656677246,15.40999984741211,148.60000610351562
2024-06-21,13.199999809265137,10.960000038146973,15.170000076293945,151.7899932861328
2024-06-24,13.329999923706055,11.829999923706055,15.229999542236328,147.1300048828125
2024-06-25,12.84000015258789,11.100000381469727,14.859999656677246,146.63999938964844
2024-06-26,12.550000190734863,10.510000228881836,14.710000038146973,143.49000549316406
2024-06-27,12.239999771118164,10.489999771118164,14.420000076293945,143.05999755859375
2024-06-28,12.4399995803833,10.539999961853027,14.520000457763672,141.7899932861328
2024-07-01,12.220000267028809,10.930000305175781,14.1899995803833,145.82000732421875
2024-07-02,12.029999732971191,10.600000381469727,14.010000228881836,147.16000366210938
2024-07-03,12.09000015258789,10.720000267028809,14.020000457763672,148.8300018310547
2024-07-05,12.479999542236328,10.8100004196167,14.350000381469727,150.1999969482422
2024-07-08,12.369999885559082,11.050000190734863,14.289999961853027,148.52999877929688
2024-07-09,12.510000228881836,11.109999656677246,14.390000343322754,151.08999633789062
2024-07-10,12.850000381469727,12.0,14.5,156.9600067138672
2024-07-11,12.920000076293945,11.420000076293945,14.670000076293945,152.22999572753906
2024-07-12,12.460000038146973,10.550000190734863,14.369999885559082,150.86000061035156
2024-07-15,13.119999885559082,12.180000305175781,14.869999885559082,147.39999389648438
2024-07-16,13.1899995803833,11.800000190734863,14.90999984741211,151.52999877929688
2024-07-17,14.479999542236328,13.15999984741211,15.789999961853027,146.38999938964844
2024-07-18,15.930000305175781,14.899999618530273,16.559999465942383,151.1199951171875
2024-07-19,16.520000457763672,15.039999961853027,17.15999984741211,146.99000549316406
2024-07-22,14.90999984741211,14.789999961853027,16.09000015258789,141.3800048828125
2024-07-23,14.720000267028809,14.609999656677246,16.010000228881836,137.0
2024-07-24,18.040000915527344,19.790000915527344,18.43000030517578,136.83999633789062
2024-07-25,18.459999084472656,19.81999969482422,18.690000534057617,134.1699981689453
2024-07-26,16.389999389648438,16.809999465942383,17.239999771118164,131.72999572753906
2024-07-29,16.600000381469727,17.389999389648438,17.15999984741211,128.92999267578125
2024-07-30,17.690000534057617,18.899999618530273,18.010000228881836,127.30999755859375
2024-07-31,16.360000610351562,16.510000228881836,16.969999313354492,136.69000244140625
2024-08-01,18.59000015258789,19.540000915527344,19.139999389648438,
2024-08-02,23.389999389648438,23.309999465942383,23.34000015258789,139.64999389648438
2024-08-05,38.56999969482422,42.790000915527344,33.709999084472656,145.3000030517578
2024-08-06,27.709999084472656,28.93000030517578,26.760000228881836,
2024-08-07,27.850000381469727,29.260000228881836,27.010000228881836,
2024-08-08,23.790000915527344,23.899999618530273,24.1299991607666,
2024-08-09,20.3700008392334,20.059999465942383,21.18000030517578,144.52000427246094
2024-08-12,20.709999084472656,21.920000076293945,21.6299991607666,140.82000732421875
2024-08-13,18.1200008392334,18.56999969482422,19.860000610351562,143.8699951171875
2024-08-14,16.190000534057617,15.789999961853027,18.450000762939453,141.82000732421875
2024-08-15,15.229999542236328,14.369999885559082,17.8799991607666,143.55999755859375
2024-08-16,14.800000190734863,12.970000267028809,17.809999465942383,142.5500030517578
2024-08-19,14.649999618530273,14.119999885559082,17.59000015258789,141.5
2024-08-20,15.880000114440918,15.850000381469727,18.280000686645508,146.25999450683594
2024-08-21,16.270000457763672,15.649999618530273,18.579999923706055,149.6699981689453
2024-08-22,17.549999237060547,16.549999237060547,19.360000610351562,154.16000366210938
2024-08-23,15.859999656677246,13.6899995803833,18.190000534057617,153.9499969482422
2024-08-26,16.149999618530273,14.869999885559082,18.25,151.5
2024-08-27,15.430000305175781,14.170000076293945,17.729999542236328,151.8300018310547
2024-08-28,17.110000610351562,16.639999389648438,18.899999618530273,151.67999267578125
2024-08-29,15.649999618530273,13.729999542236328,18.0,153.00999450683594
2024-08-30,15.0,12.899999618530273,17.43000030517578,159.0
2024-09-03,20.719999313354492,20.06999969482422,21.700000762939453,163.60000610351562
2024-09-04,21.31999969482422,20.43000030517578,22.06999969482422,160.89999389648438
2024-09-05,19.899999618530273,19.540000915527344,20.93000030517578,156.7100067138672
2024-09-06,22.3799991607666,22.260000228881836,22.739999771118164,148.97999572753906
2024-09-09,19.450000762939453,19.670000076293945,20.8799991607666,140.3300018310547
2024-09-10,19.079999923706055,19.690000534057617,20.549999237060547,139.75
2024-09-11,17.690000534057617,17.8799991607666,19.59000015258789,139.72999572753906
2024-09-12,17.06999969482422,16.75,19.479999542236328,145.8800048828125
2024-09-13,16.559999465942383,15.800000190734863,19.280000686645508,149.99000549316406
2024-09-16,17.139999389648438,17.190000534057617,19.809999465942383,152.1699981689453
2024-09-17,17.610000610351562,18.09000015258789,20.1299991607666,157.5399932861328
2024-09-18,18.229999542236328,17.950000762939453,20.350000381469727,167.4199981689453
2024-09-19,16.329999923706055,14.65999984741211,19.06999969482422,171.72000122070312
2024-09-20,16.149999618530273,13.199999809265137,18.940000534057617,165.75
2024-09-23,15.890000343322754,14.350000381469727,18.700000762939453,165.60000610351562
2024-09-24,15.390000343322754,14.119999885559082,18.469999313354492,
2024-09-25,15.40999984741211,14.239999771118164,18.56999969482422,160.47999572753906
2024-09-26,15.369999885559082,14.5600004196167,18.450000762939453,158.6699981689453
2024-09-27,16.959999084472656,15.739999771118164,19.540000915527344,160.99000549316406
2024-09-30,16.729999542236328,16.649999618530273,19.219999313354492,154.3000030517578
2024-10-01,19.260000228881836,19.549999237060547,20.889999389648438,
2024-10-02,18.899999618530273,18.760000228881836,20.59000015258789,161.5
2024-10-03,20.489999771118164,20.40999984741211,21.6299991607666,162.77999877929688
2024-10-04,19.209999084472656,16.479999542236328,20.649999618530273,156.42999267578125
2024-10-07,22.639999389648438,20.0,22.59000015258789,155.57000732421875
2024-10-08,21.420000076293945,18.0,21.520000457763672,156.27999877929688
2024-10-09,20.860000610351562,16.40999984741211,20.90999984741211,156.92999267578125
2024-10-10,20.93000030517578,15.489999771118164,21.020000457763672,154.08999633789062
2024-10-11,20.459999084472656,14.329999923706055,20.770000457763672,159.42999267578125
2024-10-14,19.700000762939453,14.640000343322754,20.1200008392334,153.0800018310547
2024-10-15,20.639999389648438,14.880000114440918,20.799999237060547,159.69000244140625
2024-10-16,19.579999923706055,14.25,20.31999969482422,161.85000610351562
2024-10-17,19.110000610351562,13.850000381469727,19.809999465942383,165.82000732421875
2024-10-18,18.030000686645508,12.380000114440918,19.190000534057617,155.5500030517578
2024-10-21,18.3700008392334,14.390000343322754,19.239999771118164,150.97000122070312
2024-10-22,18.200000762939453,14.550000190734863,19.170000076293945,146.8000030517578
2024-10-23,19.239999771118164,16.489999771118164,20.040000915527344,146.97000122070312
2024-10-24,19.079999923706055,16.670000076293945,19.850000381469727,144.7100067138672
2024-10-25,20.329999923706055,18.489999771118164,20.940000534057617,148.91000366210938
2024-10-28,19.799999237060547,21.170000076293945,20.170000076293945,148.4600067138672
2024-10-29,19.34000015258789,21.770000457763672,19.959999084472656,150.74000549316406
2024-10-30,20.350000381469727,23.59000015258789,20.760000228881836,153.4499969482422
2024-10-31,23.15999984741211,26.049999237060547,22.639999389648438,152.07000732421875
2024-11-01,21.8799991607666,23.469999313354492,21.90999984741211,146.66000366210938
2024-11-04,21.979999542236328,25.770000457763672,21.56999969482422,148.9499969482422
2024-11-05,20.489999771118164,24.700000762939453,20.190000534057617,152.67999267578125
2024-11-06,16.270000457763672,15.850000381469727,17.670000076293945,148.11000061035156
2024-11-07,15.199999809265137,13.84000015258789,16.950000762939453,152.1199951171875
2024-11-08,14.9399995803833,13.09000015258789,16.829999923706055,150.33999633789062
2024-11-11,14.970000267028809,14.0,16.799999237060547,140.32000732421875
2024-11-12,14.710000038146973,13.920000076293945,16.709999084472656,141.5
2024-11-13,14.020000457763672,12.8100004196167,16.510000228881836,142.9199981689453
2024-11-14,14.3100004196167,13.130000114440918,16.68000030517578,147.97999572753906
2024-11-15,16.139999389648438,14.8100004196167,17.809999465942383,149.5500030517578
2024-11-18,15.579999923706055,13.979999542236328,17.190000534057617,147.3300018310547
2024-11-19,16.350000381469727,14.239999771118164,17.690000534057617,149.4600067138672
2024-11-20,17.15999984741211,15.079999923706055,18.260000228881836,153.0
2024-11-21,16.8700008392334,14.149999618530273,18.18000030517578,155.72000122070312
2024-11-22,15.239999771118164,11.460000038146973,17.299999237060547,161.63999938964844
2024-11-25,14.600000381469727,12.3100004196167,16.8700008392334,167.27999877929688
2024-11-26,14.100000381469727,11.729999542236328,16.530000686645508,166.22999572753906
2024-11-27,14.100000381469727,10.75,16.600000381469727,167.94000244140625
2024-11-29,13.510000228881836,10.890000343322754,16.260000228881836,167.94000244140625
2024-12-02,13.34000015258789,11.859999656677246,16.34000015258789,170.64999389648438
2024-12-03,13.300000190734863,11.869999885559082,16.239999771118164,170.22999572753906
2024-12-04,13.449999809265137,11.600000381469727,16.389999389648438,172.4499969482422
2024-12-05,13.539999961853027,11.680000305175781,16.579999923706055,173.92999267578125
2024-12-06,12.770000457763672,10.380000114440918,16.31999969482422,168.0500030517578
2024-12-09,14.1899995803833,12.970000267028809,17.09000015258789,163.13999938964844
2024-12-10,14.180000305175781,13.289999961853027,16.979999542236328,165.1199951171875
2024-12-11,13.579999923706055,12.039999961853027,16.8799991607666,169.05999755859375
2024-12-12,13.920000076293945,11.930000305175781,17.350000381469727,167.42999267578125
2024-12-13,13.8100004196167,10.899999618530273,17.149999618530273,169.91000366210938
2024-12-16,14.6899995803833,12.0600004196167,17.56999969482422,166.7899932861328
2024-12-17,15.869999885559082,13.390000343322754,18.1299991607666,173.0399932861328
2024-12-18,27.6200008392334,35.41999816894531,24.239999771118164,168.9199981689453
2024-12-19,24.09000015258789,23.719999313354492,24.139999389648438,163.10000610351562
2024-12-20,18.360000610351562,15.949999809265137,20.100000381469727,161.2100067138672
2024-12-23,16.780000686645508,14.760000228881836,18.649999618530273,170.64999389648438
2024-12-24,14.270000457763672,10.890000343322754,17.200000762939453,180.08999633789062
2024-12-26,14.729999542236328,11.630000114440918,17.360000610351562,173.72000122070312
2024-12-27,15.949999809265137,13.3100004196167,18.06999969482422,167.9199981689453
2024-12-30,17.399999618530273,15.8100004196167,18.940000534057617,161.0800018310547
2024-12-31,17.350000381469727,15.149999618530273,18.979999542236328,169.16000366210938
2025-01-02,17.93000030517578,16.260000228881836,19.329999923706055,157.1999969482422
2025-01-03,16.1299991607666,13.4399995803833,18.139999389648438,157.32000732421875
2025-01-06,16.040000915527344,14.199999809265137,18.030000686645508,152.63999938964844
2025-01-07,17.81999969482422,16.100000381469727,19.190000534057617,155.10000610351562
2025-01-08,17.700000762939453,16.149999618530273,19.34000015258789,154.33999633789062
2025-01-10,19.540000915527344,17.829999923706055,20.969999313354492,151.4499969482422
2025-01-13,19.190000534057617,18.700000762939453,20.43000030517578,170.5500030517578
2025-01-14,18.709999084472656,18.149999618530273,19.989999771118164,167.63999938964844
2025-01-15,16.1200008392334,13.9399995803833,18.229999542236328,163.5399932861328
2025-01-16,16.600000381469727,14.880000114440918,18.350000381469727,167.41000366210938
2025-01-17,15.970000267028809,14.130000114440918,18.190000534057617,165.35000610351562
2025-01-21,15.0600004196167,14.3100004196167,17.5,173.0
2025-01-22,15.100000381469727,13.569999694824219,17.809999465942383,179.97999572753906
2025-01-23,15.020000457763672,13.420000076293945,17.520000457763672,179.32000732421875
2025-01-24,14.850000381469727,12.880000114440918,17.549999237060547,173.16000366210938
2025-01-27,17.899999618530273,18.450000762939453,18.969999313354492,168.5500030517578
2025-01-28,16.40999984741211,16.639999389648438,18.1299991607666,163.63999938964844
2025-01-29,16.559999465942383,16.40999984741211,18.149999618530273,157.42999267578125
2025-01-30,15.84000015258789,14.979999542236328,17.90999984741211,156.6999969482422
2025-01-31,16.43000030517578,15.850000381469727,18.43000030517578,158.47000122070312
2025-02-03,18.6200008392334,19.3799991607666,19.549999237060547,155.4499969482422
2025-02-04,17.209999084472656,17.0,18.639999389648438,159.44000244140625
2025-02-05,15.770000457763672,14.880000114440918,17.959999084472656,162.63999938964844
2025-02-06,15.5,14.149999618530273,17.940000534057617,163.57000732421875
2025-02-07,16.540000915527344,14.670000076293945,18.6299991607666,166.52999877929688
2025-02-10,15.8100004196167,13.760000228881836,18.229999542236328,166.9499969482422
2025-02-11,16.020000457763672,13.829999923706055,18.280000686645508,168.80999755859375
2025-02-12,15.890000343322754,13.510000228881836,18.309999465942383,166.10000610351562
2025-02-13,15.100000381469727,12.3100004196167,17.84000015258789,163.36000061035156
2025-02-14,14.770000457763672,11.5600004196167,17.809999465942383,167.97000122070312
2025-02-18,15.350000381469727,13.199999809265137,17.81999969482422,183.1199951171875
2025-02-19,15.270000457763672,13.0600004196167,17.93000030517578,175.75999450683594
2025-02-20,15.65999984741211,13.460000038146973,18.010000228881836,178.57000732421875
2025-02-21,18.209999084472656,17.0,19.479999542236328,165.0
2025-02-24,18.979999542236328,18.299999237060547,19.860000610351562,156.92999267578125
2025-02-25,19.43000030517578,19.290000915527344,20.030000686645508,157.60000610351562
2025-02-26,19.100000381469727,18.8799991607666,19.75,153.44000244140625
2025-02-27,21.1299991607666,20.950000762939453,21.219999313354492,149.32000732421875
2025-02-28,19.6299991607666,18.8799991607666,20.18000030517578,157.94000244140625
2025-03-03,22.780000686645508,23.959999084472656,22.18000030517578,154.25999450683594
2025-03-04,23.510000228881836,24.790000915527344,22.780000686645508,151.3800048828125
2025-03-05,21.93000030517578,22.899999618530273,21.719999313354492,138.8800048828125
2025-03-06,24.8700008392334,26.790000915527344,23.700000762939453,137.64999389648438
2025-03-07,23.3700008392334,23.790000915527344,22.59000015258789,139.94000244140625
2025-03-10,27.860000610351562,31.190000534057617,25.719999313354492,146.0399932861328
2025-03-11,26.920000076293945,28.93000030517578,25.34000015258789,132.7899932861328
2025-03-12,24.229999542236328,25.260000228881836,23.670000076293945,128.69000244140625
2025-03-13,24.65999984741211,25.360000610351562,24.059999465942383,128.86000061035156
2025-03-14,21.770000457763672,21.770000457763672,22.170000076293945,130.3000030517578
2025-03-17,20.510000228881836,21.299999237060547,21.299999237060547,133.89999389648438
2025-03-18,21.700000762939453,22.59000015258789,21.969999313354492,136.75
2025-03-19,19.899999618530273,19.790000915527344,20.829999923706055,136.4499969482422
2025-03-20,19.799999237060547,19.459999084472656,20.709999084472656,140.7899932861328
2025-03-21,19.280000686645508,18.579999923706055,20.350000381469727,141.72999572753906
2025-03-24,17.479999542236328,18.559999465942383,19.040000915527344,144.00999450683594
2025-03-25,17.149999618530273,18.010000228881836,19.049999237060547,148.67999267578125
2025-03-26,18.329999923706055,19.959999084472656,19.84000015258789,144.75
2025-03-27,18.690000534057617,20.030000686645508,19.889999389648438,140.85000610351562
2025-03-28,21.649999618530273,22.690000534057617,22.010000228881836,139.0399932861328
2025-03-31,22.280000686645508,25.139999389648438,21.969999313354492,148.5800018310547
2025-04-01,21.770000457763672,24.459999084472656,21.81999969482422,143.00999450683594
2025-04-02,21.510000228881836,24.290000915527344,21.450000762939453,144.27000427246094
2025-04-03,30.020000457763672,34.099998474121094,27.3799991607666,139.1999969482422
2025-04-04,45.310001373291016,57.16999816894531,36.709999084472656,136.5399932861328
2025-04-07,46.97999954223633,62.58000183105469,36.880001068115234,133.82000732421875
2025-04-08,52.33000183105469,67.62999725341797,41.5,135.67999267578125
2025-04-09,33.619998931884766,40.060001373291016,29.920000076293945,142.22999572753906
2025-04-10,40.720001220703125,50.43000030517578,35.709999084472656,127.54000091552734
2025-04-11,37.560001373291016,43.31999969482422,33.90999984741211,128.63999938964844
2025-04-14,30.889999389648438,34.20000076293945,29.6299991607666,135.7100067138672
2025-04-15,30.1200008392334,29.940000534057617,29.0,135.75999450683594
2025-04-16,32.63999938964844,33.220001220703125,30.940000534057617,131.32000732421875
2025-04-17,29.649999618530273,27.649999618530273,29.350000381469727,130.02000427246094
2025-04-21,33.81999969482422,36.560001373291016,31.829999923706055,125.7699966430664
2025-04-22,30.56999969482422,33.13999938964844,29.450000762939453,125.93000030517578
2025-04-23,28.450000762939453,30.739999771118164,28.020000457763672,126.66999816894531
2025-04-24,26.469999313354492,28.280000686645508,26.440000534057617,129.02000427246094
2025-04-25,24.84000015258789,24.639999389648438,25.3700008392334,132.3699951171875
2025-04-28,25.149999618530273,26.469999313354492,25.729999542236328,131.27999877929688
2025-04-29,24.170000076293945,24.950000762939453,25.219999313354492,134.2899932861328
2025-04-30,24.700000762939453,25.06999969482422,25.540000915527344,132.72999572753906
2025-05-01,24.600000381469727,24.81999969482422,25.489999771118164,134.07000732421875
2025-05-02,22.68000030517578,21.219999313354492,24.0,134.77999877929688
2025-05-05,23.639999389648438,22.729999542236328,24.549999237060547,134.1199951171875
2025-05-06,24.760000228881836,24.139999389648438,25.40999984741211,133.24000549316406
2025-05-07,23.549999237060547,22.690000534057617,24.700000762939453,132.2100067138672
2025-05-08,22.479999542236328,21.6299991607666,23.760000228881836,131.52000427246094
2025-05-09,21.899999618530273,20.8700008392334,23.3799991607666,128.39999389648438
2025-05-12,18.389999389648438,17.969999313354492,20.219999313354492,137.6699981689453
2025-05-13,18.219999313354492,17.40999984741211,20.09000015258789,140.52000427246094
2025-05-14,18.6200008392334,17.530000686645508,20.579999923706055,138.94000244140625
2025-05-15,17.829999923706055,15.880000114440918,20.25,140.85000610351562
2025-05-16,17.239999771118164,14.350000381469727,20.079999923706055,136.00999450683594
2025-05-19,18.139999389648438,16.809999465942383,20.690000534057617,135.94000244140625
2025-05-20,18.09000015258789,16.56999969482422,20.719999313354492,137.27000427246094
2025-05-21,20.8700008392334,19.559999465942383,22.65999984741211,137.27999877929688
2025-05-22,20.280000686645508,18.420000076293945,22.31999969482422,139.0399932861328
2025-05-23,22.290000915527344,20.6299991607666,23.799999237060547,139.33999633789062
2025-05-27,18.959999084472656,17.899999618530273,21.290000915527344,140.88999938964844
2025-05-28,19.309999465942383,18.190000534057617,21.670000076293945,137.64999389648438
2025-05-29,19.18000030517578,17.84000015258789,21.6200008392334,137.25999450683594
2025-05-30,18.56999969482422,16.739999771118164,21.3799991607666,138.25
2025-06-02,18.360000610351562,17.639999389648438,21.09000015258789,141.0399932861328
2025-06-03,17.690000534057617,16.6200008392334,20.719999313354492,141.60000610351562
2025-06-04,17.610000610351562,16.040000915527344,20.65999984741211,137.4600067138672
2025-06-05,18.479999542236328,17.34000015258789,21.110000610351562,140.08999633789062
2025-06-06,16.770000457763672,14.199999809265137,20.020000457763672,138.85000610351562
2025-06-09,17.15999984741211,15.380000114440918,20.09000015258789,139.17999267578125
2025-06-10,16.950000762939453,15.15999984741211,19.940000534057617,141.22000122070312
2025-06-11,17.260000228881836,15.420000076293945,20.299999237060547,141.38999938964844
2025-06-12,18.020000457763672,16.1200008392334,20.649999618530273,145.60000610351562
2025-06-13,20.81999969482422,19.260000228881836,22.6200008392334,149.64999389648438
2025-06-16,19.110000610351562,17.8700008392334,21.229999542236328,156.60000610351562
2025-06-17,21.600000381469727,21.860000610351562,22.90999984741211,154.36000061035156
2025-06-18,20.139999389648438,19.1299991607666,21.969999313354492,148.41000366210938
2025-06-20,20.6200008392334,18.31999969482422,22.479999542236328,149.19000244140625
2025-06-23,19.829999923706055,17.920000076293945,21.81999969482422,154.77999877929688
2025-06-24,17.479999542236328,15.399999618530273,20.049999237060547,154.97000122070312
2025-06-25,16.760000228881836,13.8100004196167,19.670000076293945,152.24000549316406
2025-06-26,16.59000015258789,13.489999771118164,19.450000762939453,147.4600067138672
2025-06-27,16.31999969482422,12.8100004196167,19.450000762939453,143.44000244140625
2025-06-30,16.729999542236328,13.770000457763672,19.440000534057617,139.64999389648438
2025-07-01,16.829999923706055,13.789999961853027,19.510000228881836,140.07000732421875
2025-07-02,16.639999389648438,13.069999694824219,19.350000381469727,139.27999877929688
2025-07-03,16.3799991607666,12.850000381469727,19.209999084472656,141.36000061035156
2025-07-07,17.790000915527344,15.710000038146973,20.209999084472656,137.9600067138672
2025-07-08,16.809999465942383,13.899999618530273,19.579999923706055,140.8000030517578
2025-07-09,15.9399995803833,12.529999732971191,19.020000457763672,141.75
2025-07-10,15.779999732971191,12.460000038146973,18.920000076293945,143.32000732421875
2025-07-11,16.399999618530273,13.029999732971191,19.3700008392334,144.9600067138672
2025-07-14,17.200000762939453,14.270000457763672,19.84000015258789,147.0
2025-07-15,17.3799991607666,14.6899995803833,20.059999465942383,143.72000122070312
2025-07-16,17.15999984741211,13.770000457763672,20.09000015258789,146.7100067138672
2025-07-17,16.520000457763672,13.140000343322754,19.690000534057617,151.1199951171875
2025-07-18,16.40999984741211,12.699999809265137,19.579999923706055,150.4499969482422
2025-07-21,16.649999618530273,14.949999809265137,19.510000228881836,154.8300018310547
2025-07-22,16.5,15.029999732971191,19.530000686645508,153.44000244140625
2025-07-23,15.369999885559082,14.050000190734863,18.559999465942383,159.2899932861328
2025-07-24,15.390000343322754,14.079999923706055,18.559999465942383,159.41000366210938
2025-07-25,14.930000305175781,12.829999923706055,18.31999969482422,145.57000732421875
2025-07-28,15.029999732971191,13.369999885559082,18.15999984741211,147.64999389648438
2025-07-29,15.979999542236328,14.619999885559082,18.770000457763672,149.1199951171875
2025-07-30,15.479999542236328,13.460000038146973,18.350000381469727,154.0800018310547
2025-07-31,16.719999313354492,15.149999618530273,19.139999389648438,152.2899932861328
2025-08-01,20.3799991607666,19.530000686645508,21.239999771118164,155.49000549316406
2025-08-04,17.520000457763672,16.43000030517578,19.610000610351562,159.30999755859375
2025-08-05,17.850000381469727,16.809999465942383,20.030000686645508,149.91000366210938
2025-08-06,16.770000457763672,15.0,19.469999313354492,149.7100067138672
2025-08-07,16.56999969482422,14.760000228881836,19.350000381469727,147.02999877929688
2025-08-08,15.149999618530273,12.859999656677246,18.700000762939453,147.52999877929688
2025-08-11,16.25,15.75,19.25,148.5500030517578
2025-08-12,14.729999542236328,13.109999656677246,18.34000015258789,151.4499969482422
2025-08-13,14.489999771118164,12.380000114440918,18.329999923706055,153.1300048828125
2025-08-14,14.829999923706055,12.979999542236328,18.489999771118164,150.6199951171875
2025-08-15,15.09000015258789,13.270000457763672,18.639999389648438,153.7899932861328
2025-08-18,14.989999771118164,13.789999961853027,18.450000762939453,153.9499969482422
2025-08-19,15.569999694824219,14.699999809265137,18.899999618530273,153.1699981689453
2025-08-20,15.6899995803833,15.09000015258789,19.100000381469727,144.55999755859375
2025-08-21,16.600000381469727,16.3700008392334,19.40999984741211,144.32000732421875
2025-08-22,14.220000267028809,11.850000381469727,17.760000228881836,146.38999938964844
2025-08-25,14.789999961853027,13.010000228881836,18.020000457763672,149.99000549316406
2025-08-26,14.619999885559082,12.90999984741211,17.899999618530273,156.52999877929688
2025-08-27,14.850000381469727,13.270000457763672,17.940000534057617,150.8800048828125
2025-08-28,14.430000305175781,11.680000305175781,17.719999313354492,152.5
2025-08-29,15.359999656677246,12.720000267028809,18.350000381469727,152.10000610351562
2025-09-02,17.170000076293945,16.170000076293945,19.3799991607666,151.47999572753906
2025-09-03,16.350000381469727,14.449999809265137,18.93000030517578,150.22000122070312
2025-09-04,15.300000190734863,13.319999694824219,18.389999389648438,153.9600067138672
2025-09-05,15.180000305175781,12.65999984741211,18.420000076293945,148.16000366210938
2025-09-08,15.109999656677246,13.5,18.290000915527344,148.82000732421875
2025-09-09,15.039999961853027,13.609999656677246,18.270000457763672,150.92999267578125
2025-09-10,15.350000381469727,14.289999961853027,18.440000534057617,151.9199981689453
2025-09-11,14.710000038146973,12.989999771118164,18.030000686645508,147.6300048828125
2025-09-12,14.760000228881836,12.850000381469727,18.059999465942383,149.49000549316406
2025-09-15,15.6899995803833,14.710000038146973,18.530000686645508,152.11000061035156
2025-09-16,16.360000610351562,15.789999961853027,18.90999984741211,148.2100067138672
2025-09-17,15.720000267028809,14.529999732971191,18.440000534057617,146.3699951171875
2025-09-18,15.699999809265137,13.529999732971191,18.520000457763672,148.19000244140625
2025-09-19,15.449999809265137,12.40999984741211,18.479999542236328,146.97000122070312
2025-09-22,16.100000381469727,14.25,18.950000762939453,145.4600067138672
2025-09-23,16.639999389648438,14.670000076293945,19.440000534057617,146.52999877929688
2025-09-24,16.18000030517578,13.390000343322754,19.139999389648438,145.8699951171875
2025-09-25,16.739999771118164,14.170000076293945,19.459999084472656,145.88999938964844
2025-09-26,15.289999961853027,12.270000457763672,18.40999984741211,141.50999450683594
2025-09-29,16.1200008392334,13.510000228881836,18.760000228881836,143.02999877929688
2025-09-30,16.280000686645508,13.949999809265137,18.770000457763672,143.44000244140625
2025-10-01,16.290000915527344,13.529999732971191,18.760000228881836,143.67999267578125
2025-10-02,16.6299991607666,13.789999961853027,18.889999389648438,145.92999267578125
2025-10-03,16.649999618530273,13.470000267028809,19.079999923706055,144.64999389648438
2025-10-06,16.3700008392334,13.569999694824219,19.1200008392334,142.5
2025-10-07,17.239999771118164,14.989999771118164,19.709999084472656,145.22000122070312
2025-10-08,16.299999237060547,13.170000076293945,19.260000228881836,145.75999450683594
2025-10-09,16.43000030517578,13.920000076293945,19.3799991607666,145.33999633789062
2025-10-10,21.65999984741211,21.700000762939453,22.809999465942383,138.86000061035156
2025-10-13,19.030000686645508,18.020000457763672,20.93000030517578,142.80999755859375
2025-10-14,20.809999465942383,20.3799991607666,22.030000686645508,146.47999572753906
2025-10-15,20.639999389648438,19.280000686645508,21.940000534057617,144.97999572753906
2025-10-16,25.309999465942383,25.8700008392334,24.8700008392334,147.13999938964844
2025-10-17,20.780000686645508,19.799999237060547,22.09000015258789,147.6300048828125
2025-10-20,18.229999542236328,17.350000381469727,20.309999465942383,151.30999755859375
2025-10-21,17.8700008392334,16.8799991607666,19.989999771118164,149.9499969482422
2025-10-22,18.600000381469727,18.350000381469727,20.309999465942383,152.85000610351562
2025-10-23,17.299999237060547,16.6200008392334,19.649999618530273,154.33999633789062
2025-10-24,16.3700008392334,14.850000381469727,19.200000762939453,153.49000549316406
2025-10-27,15.789999961853027,14.640000343322754,18.989999771118164,148.5
2025-10-28,16.420000076293945,15.630000114440918,19.549999237060547,140.3699951171875
2025-10-29,16.920000076293945,15.609999656677246,19.829999923706055,139.4499969482422
2025-10-30,16.90999984741211,14.899999618530273,19.979999542236328,141.14999389648438
2025-10-31,17.440000534057617,14.710000038146973,20.489999771118164,142.77999877929688
2025-11-03,17.170000076293945,14.970000267028809,20.3799991607666,141.99000549316406
2025-11-04,19.0,17.75,21.290000915527344,144.00999450683594
2025-11-05,18.010000228881836,15.869999885559082,20.600000381469727,143.63999938964844
2025-11-06,19.5,18.1200008392334,21.350000381469727,143.5399932861328
2025-11-07,19.079999923706055,17.309999465942383,21.190000534057617,141.27000427246094
2025-11-10,17.600000381469727,16.040000915527344,20.239999771118164,142.94000244140625
2025-11-11,17.280000686645508,15.180000305175781,20.190000534057617,143.4499969482422
2025-11-12,17.510000228881836,15.369999885559082,20.34000015258789,138.57000732421875
2025-11-13,20.0,19.170000076293945,21.850000381469727,142.49000549316406
2025-11-14,19.829999923706055,18.610000610351562,21.579999923706055,137.92999267578125
2025-11-17,22.3799991607666,22.329999923706055,23.18000030517578,140.89999389648438
2025-11-18,24.690000534057617,25.18000030517578,24.540000915527344,142.97999572753906
2025-11-19,23.65999984741211,23.100000381469727,23.989999771118164,143.0500030517578
2025-11-20,26.420000076293945,26.350000381469727,25.760000228881836,144.9600067138672
2025-11-21,23.43000030517578,21.510000228881836,23.959999084472656,148.33999633789062
2025-11-24,20.520000457763672,18.549999237060547,21.850000381469727,148.60000610351562
2025-11-25,18.559999465942383,15.390000343322754,20.729999542236328,151.67999267578125
2025-11-26,17.190000534057617,13.329999923706055,20.020000457763672,145.0399932861328
2025-11-28,16.350000381469727,13.609999656677246,19.639999389648438,143.0
2025-12-01,17.239999771118164,16.549999237060547,20.219999313354492,144.86000061035156
2025-12-02,16.59000015258789,15.420000076293945,19.84000015258789,144.94000244140625
2025-12-03,16.079999923706055,14.460000038146973,19.709999084472656,149.22999572753906
2025-12-04,15.779999732971191,14.300000190734863,19.489999771118164,148.91000366210938
2025-12-05,15.40999984741211,13.899999618530273,19.270000457763672,148.8300018310547
2025-12-08,16.65999984741211,16.290000915527344,19.90999984741211,150.6300048828125
2025-12-09,16.93000030517578,16.299999237060547,20.079999923706055,150.32000732421875
2025-12-10,15.770000457763672,14.680000305175781,19.350000381469727,147.5500030517578
2025-12-11,14.850000381469727,12.460000038146973,19.049999237060547,148.32000732421875
2025-12-12,15.739999771118164,13.479999542236328,19.25,153.58999633789062
2025-12-15,16.5,14.199999809265137,19.68000030517578,161.86000061035156
2025-12-16,16.479999542236328,13.880000114440918,19.670000076293945,156.99000549316406
2025-12-17,17.6200008392334,15.75,20.079999923706055,153.49000549316406
2025-12-18,16.8700008392334,13.920000076293945,19.59000015258789,155.3800048828125
2025-12-19,14.90999984741211,10.489999771118164,18.25,155.8699951171875
2025-12-22,14.079999923706055,10.5,17.790000915527344,159.92999267578125
2025-12-23,14.0,10.0600004196167,17.84000015258789,160.52999877929688
2025-12-24,13.470000267028809,9.170000076293945,17.770000457763672,160.52999877929688
2025-12-26,13.600000381469727,9.649999618530273,17.770000457763672,151.4499969482422
2025-12-29,14.199999809265137,11.369999885559082,17.81999969482422,150.47000122070312
2025-12-30,14.329999923706055,11.460000038146973,17.770000457763672,148.3300018310547
2025-12-31,14.949999809265137,12.0,18.18000030517578,148.6999969482422
2026-01-02,14.510000228881836,11.720000267028809,18.020000457763672,141.86000061035156
2026-01-05,14.899999618530273,12.4399995803833,18.31999969482422,142.4499969482422
2026-01-06,14.75,12.130000114440918,18.149999618530273,146.22999572753906
2026-01-07,15.380000114440918,12.539999961853027,18.59000015258789,143.57000732421875
2026-01-08,15.449999809265137,12.829999923706055,18.389999389648438,147.0800018310547
2026-01-09,14.489999771118164,10.859999656677246,17.8799991607666,146.0399932861328
2026-01-12,15.119999885559082,11.9399995803833,18.229999542236328,149.75
2026-01-13,15.979999542236328,12.510000228881836,18.850000381469727,151.60000610351562
2026-01-14,16.75,13.180000305175781,19.3700008392334,152.52000427246094
2026-01-15,15.84000015258789,12.319999694824219,18.899999618530273,151.57000732421875
2026-01-16,15.859999656677246,12.09000015258789,18.989999771118164,153.58999633789062
2026-01-20,20.09000015258789,19.93000030517578,21.280000686645508,154.9600067138672
2026-01-21,16.899999618530273,15.880000114440918,19.360000610351562,144.41000366210938
2026-01-22,15.640000343322754,14.380000114440918,18.75,141.30999755859375
2026-01-23,16.09000015258789,15.0,19.149999618530273,144.02000427246094
2026-01-26,16.149999618530273,15.050000190734863,19.06999969482422,148.10000610351562
2026-01-27,16.350000381469727,14.850000381469727,19.219999313354492,147.25
2026-01-28,16.350000381469727,14.539999961853027,19.299999237060547,144.97999572753906
2026-01-29,16.8799991607666,15.220000267028809,19.670000076293945,143.74000549316406
2026-01-30,17.440000534057617,15.6899995803833,20.06999969482422,143.64999389648438
2026-02-02,16.34000015258789,14.449999809265137,19.3700008392334,146.55999755859375
2026-02-03,18.0,17.06999969482422,20.350000381469727,143.85000610351562
2026-02-04,18.639999389648438,18.670000076293945,20.6200008392334,143.16000366210938
2026-02-05,21.770000457763672,22.290000915527344,22.450000762939453,137.16000366210938
2026-02-06,20.3700008392334,15.430000305175781,20.3700008392334,140.30999755859375
2026-02-09,17.360000610351562,14.75,20.09000015258789,145.22999572753906
2026-02-10,17.790000915527344,14.9399995803833,20.43000030517578,145.7100067138672
2026-02-11,17.649999618530273,14.180000305175781,20.3700008392334,143.77999877929688
2026-02-12,20.81999969482422,19.799999237060547,22.170000076293945,142.5
2026-02-13,20.600000381469727,18.770000457763672,22.170000076293945,139.35000610351562
2026-02-17,20.290000915527344,20.309999465942383,21.600000381469727,140.27999877929688
2026-02-18,19.6200008392334,19.079999923706055,21.389999389648438,139.1699981689453
2026-02-19,20.229999542236328,19.8700008392334,21.8799991607666,141.19000244140625
2026-02-20,19.09000015258789,18.020000457763672,21.09000015258789,145.52000427246094
2026-02-23,21.010000228881836,21.110000610351562,22.139999389648438,141.42999267578125
2026-02-24,19.549999237060547,18.600000381469727,21.34000015258789,141.94000244140625
2026-02-25,17.93000030517578,16.280000686645508,20.360000610351562,146.0500030517578
2026-02-26,18.6299991607666,16.649999618530273,20.809999465942383,146.57000732421875
2026-02-27,19.860000610351562,18.59000015258789,21.559999465942383,146.6699981689453
2026-03-02,21.440000534057617,21.18000030517578,22.440000534057617,151.77999877929688
2026-03-03,23.56999969482422,24.549999237060547,23.540000915527344,152.8300018310547
2026-03-04,21.149999618530273,20.600000381469727,22.290000915527344,152.8699951171875
2026-03-05,23.75,23.549999237060547,23.860000610351562,153.9499969482422
2026-03-06,29.489999771118164,30.440000534057617,27.559999465942383,151.8000030517578
2026-03-09,25.5,27.850000381469727,25.34000015258789,157.97999572753906
2026-03-10,24.93000030517578,25.540000915527344,25.510000228881836,154.4600067138672
2026-03-11,24.229999542236328,24.440000534057617,24.969999313354492,152.44000244140625
2026-03-12,27.290000915527344,28.979999542236328,26.950000762939453,139.94000244140625
2026-03-13,27.190000534057617,28.0,27.280000686645508,137.75999450683594
2026-03-16,23.510000228881836,24.329999923706055,24.920000076293945,141.49000549316406
2026-03-17,22.3700008392334,22.360000610351562,24.329999923706055,145.0399932861328
2026-03-18,25.09000015258789,26.030000686645508,26.559999465942383,136.5399932861328
2026-03-19,24.059999465942383,24.09000015258789,25.540000915527344,138.25999450683594
2026-03-20,26.780000686645508,26.950000762939453,27.43000030517578,139.1199951171875
2026-03-23,26.149999618530273,27.760000228881836,26.100000381469727,142.02000427246094
2026-03-24,26.950000762939453,28.209999084472656,26.559999465942383,142.6300048828125
2026-03-25,25.329999923706055,25.260000228881836,25.6299991607666,140.8800048828125
2026-03-26,27.440000534057617,27.049999237060547,27.15999984741211,143.99000549316406
2026-03-27,31.049999237060547,30.639999389648438,29.270000457763672,139.0
2026-03-30,30.610000610351562,30.56999969482422,29.1299991607666,142.22999572753906
2026-03-31,25.25,24.18000030517578,25.549999237060547,145.4499969482422
2026-04-01,24.540000915527344,23.610000610351562,24.860000610351562,143.77000427246094
2026-04-02,23.8700008392334,21.709999084472656,24.719999313354492,146.9499969482422
2026-04-06,24.170000076293945,23.899999618530273,24.770000457763672,147.60000610351562
2026-04-07,25.780000686645508,27.270000457763672,25.56999969482422,148.4499969482422
2026-04-08,21.040000915527344,19.15999984741211,22.68000030517578,150.36000061035156
2026-04-09,19.489999771118164,16.809999465942383,21.809999465942383,143.27000427246094
2026-04-10,19.229999542236328,16.360000610351562,21.860000610351562,144.17999267578125
2026-04-13,19.1200008392334,17.329999923706055,21.34000015258789,156.92999267578125
2026-04-14,18.360000610351562,16.700000762939453,20.81999969482422,149.94000244140625
2026-04-15,18.170000076293945,16.010000228881836,20.780000686645508,139.22999572753906
2026-04-16,17.940000534057617,15.460000038146973,20.770000457763672,140.74000549316406
2026-04-17,17.479999542236328,14.8100004196167,20.510000228881836,141.82000732421875
2026-04-20,18.8700008392334,17.790000915527344,21.239999771118164,141.89999389648438
2026-04-21,19.5,18.68000030517578,21.510000228881836,140.91000366210938
2026-04-22,18.920000076293945,17.290000915527344,21.239999771118164,140.83999633789062
2026-04-23,19.309999465942383,18.040000915527344,21.479999542236328,139.58999633789062
2026-04-24,18.709999084472656,16.709999084472656,21.299999237060547,139.0800018310547
2026-04-27,18.020000457763672,16.690000534057617,20.770000457763672,139.63999938964844
2026-04-28,17.829999923706055,16.690000534057617,20.489999771118164,138.16000366210938
2026-04-29,18.809999465942383,17.610000610351562,21.190000534057617,141.8800048828125
2026-04-30,16.889999389648438,14.369999885559082,20.079999923706055,143.3300018310547
2026-05-01,16.989999771118164,14.149999618530273,20.3700008392334,141.3800048828125
2026-05-04,18.290000915527344,16.600000381469727,21.049999237060547,141.74000549316406
2026-05-05,17.3799991607666,14.640000343322754,20.81999969482422,138.74000549316406
2026-05-06,17.389999389648438,14.760000228881836,20.56999969482422,135.4199981689453
2026-05-07,17.079999923706055,14.5600004196167,20.350000381469727,136.11000061035156
2026-05-08,17.190000534057617,14.210000038146973,20.5,138.2100067138672
2026-05-11,18.3799991607666,16.889999389648438,21.239999771118164,140.2100067138672
2026-05-12,17.989999771118164,16.34000015258789,21.040000915527344,139.41000366210938
2026-05-13,17.8700008392334,15.869999885559082,21.18000030517578,141.50999450683594
2026-05-14,17.260000228881836,15.140000343322754,20.850000381469727,139.32000732421875
2026-05-15,18.43000030517578,16.3700008392334,21.360000610351562,145.77000427246094
2026-05-18,17.81999969482422,16.860000610351562,20.920000076293945,138.39999389648438
2026-05-19,18.059999465942383,16.639999389648438,21.1200008392334,135.5
2026-05-20,17.440000534057617,15.140000343322754,20.760000228881836,132.30999755859375
2026-05-21,16.760000228881836,14.079999923706055,20.0,136.9600067138672
2026-05-22,16.700000762939453,14.069999694824219,20.030000686645508,137.38999938964844
2026-05-25,16.59000015258789,,,
2026-05-26,17.010000228881836,14.84000015258789,19.889999389648438,139.0399932861328
2026-05-27,16.290000915527344,13.270000457763672,19.450000762939453,138.57000732421875
2026-05-28,15.739999771118164,12.979999542236328,19.110000610351562,139.52000427246094
2026-05-29,15.319999694824219,12.59000015258789,18.65999984741211,144.17999267578125
2026-06-01,16.049999237060547,13.760000228881836,19.43000030517578,142.4600067138672
2026-06-02,15.770000457763672,13.1899995803833,19.489999771118164,143.24000549316406
2026-06-03,16.059999465942383,13.40999984741211,19.760000228881836,136.86000061035156
2026-06-04,15.399999618530273,12.649999618530273,19.229999542236328,142.14999389648438
2026-06-05,21.510000228881836,23.920000076293945,21.81999969482422,152.25
2026-06-08,18.920000076293945,19.690000534057617,20.790000915527344,145.0
2026-06-09,19.8700008392334,22.139999389648438,21.309999465942383,141.97000122070312
2026-06-10,22.219999313354492,25.670000076293945,22.889999389648438,143.0800018310547
2026-06-11,19.440000534057617,20.65999984741211,21.420000076293945,142.97999572753906
2026-06-12,17.68000030517578,17.260000228881836,20.510000228881836,142.60000610351562
2026-06-15,16.200000762939453,15.579999923706055,19.360000610351562,144.32000732421875
2026-06-16,16.40999984741211,15.770000457763672,19.530000686645508,142.66000366210938
2026-06-17,18.440000534057617,18.6299991607666,20.6200008392334,142.6199951171875
2026-06-18,16.399999618530273,13.930000305175781,19.56999969482422,146.72000122070312
2026-06-22,17.280000686645508,16.290000915527344,19.760000228881836,141.85000610351562
2026-06-23,19.489999771118164,19.469999313354492,21.059999465942383,143.13999938964844
2026-06-24,18.6299991607666,18.06999969482422,20.3700008392334,145.3000030517578
2026-06-25,18.889999389648438,17.920000076293945,20.329999923706055,139.88999938964844
2026-06-26,18.40999984741211,16.799999237060547,20.1299991607666,139.39999389648438
2026-06-29,17.649999618530273,15.510000228881836,19.530000686645508,144.4600067138672
2026-06-30,16.450000762939453,13.729999542236328,19.0,149.60000610351562
2026-07-01,16.59000015258789,13.140000343322754,19.15999984741211,154.82000732421875
2026-07-02,16.149999618530273,12.369999885559082,19.040000915527344,150.02000427246094
2026-07-06,15.569999694824219,12.319999694824219,18.780000686645508,145.3800048828125
2026-07-07,16.1299991607666,13.420000076293945,19.010000228881836,145.74000549316406
2026-07-08,16.899999618530273,14.40999984741211,19.459999084472656,149.7899932861328
2026-07-09,15.84000015258789,12.5,18.989999771118164,144.6699981689453
2026-07-10,15.029999732971191,11.149999618530273,18.56999969482422,144.27000427246094
2026-07-13,17.15999984741211,15.130000114440918,19.639999389648438,145.69000244140625
2026-07-14,16.5,13.460000038146973,19.299999237060547,145.1300048828125
2026-07-15,15.670000076293945,12.0600004196167,18.90999984741211,148.50999450683594
2026-07-16,16.729999542236328,13.979999542236328,19.5,145.72000122070312
2026-07-17,18.770000457763672,16.850000381469727,20.540000915527344,147.27999877929688
2026-07-20,18.649999618530273,,,146.0500030517578
2026-07-21,17.049999237060547,,,151.66000366210938
2026-07-22,16.639999389648438,,,150.19000244140625
2026-07-23,18.700000762939453,,,145.9499969482422
2026-07-24,18.579999923706055,,,147.27999877929688
2026-07-27,18.670000076293945,,,146.60000610351562
2026-07-28,18.209999084472656,,,142.97999572753906
2026-07-29,20.65999984741211,,,139.5500030517578
2026-07-30,18.190000534057617,16.709999084472656,20.059999465942383,